name,smile
Abacavir,Nc1nc(NC2CC2)c2ncn([C@H]3C=C[C@@H](CO)C3)c2n1
Abiraterone,CC(=O)O[C@H]1CC[C@@]2(C)C(=CCC3C4CC=C(c5cccnc5)[C@@]4(C)CCC32)C1
Acamprosate,CC(=O)NCCCS(=O)(=O)O
Acebutolol,CCCC(=O)Nc1ccc(OCC(O)CNC(C)C)c(C(C)=O)c1
Acenocoumarol,CC(=O)CC(c1ccc([N+](=O)[O-])cc1)c1c(O)c2ccccc2oc1=O
Acepromazine,CC(=O)c1ccc2c(c1)N(CCCN(C)C)c1ccccc1S2
Aceprometazine,CC(=O)c1ccc2c(c1)N(CC(C)N(C)C)c1ccccc1S2
Acetaminophen,CC(=O)Nc1ccc(O)cc1
Acetazolamide,CC(=O)Nc1nnc(S(N)(=O)=O)s1
Acetic,CC(=O)[O-]
Acetohexamide,CC(=O)c1ccc(S(=O)(=O)NC(=O)NC2CCCCC2)cc1
Acetohydroxamic,CC(=O)NO
Acetophenazine,CC(=O)c1ccc2c(c1)N(CCCN1CCN(CCO)CC1)c1ccccc1S2
Acetylcysteine,CC(=O)N[C@@H](CS)C(=O)O
Acetylsalicylic,CC(=O)Oc1ccccc1C(=O)O
Acitretin,COc1cc(C)c(/C=C/C(C)=C/C=C/C(C)=C/C(=O)O)c(C)c1C
Aclidinium,O=C(OC1C[N+]2(CCCOc3ccccc3)CCC1CC2)C(O)(c1cccs1)c1cccs1
Acyclovir,Nc1nc(=O)c2ncn(COCCO)c2[nH]1
Adapalene,COc1ccc(-c2ccc3cc(C(=O)O)ccc3c2)cc1C12CC3CC(CC(C3)C1)C2
Adefovir,CC(C)(C)C(=O)OCOP(=O)(COCCn1cnc2c(N)ncnc21)OCOC(=O)C(C)(C)C
Adenine,Nc1ncnc2nc[nH]c12
Adenosine,Nc1ncnc2c1ncn2[C@@H]1O[C@H](CO)[C@@H](O)[C@H]1O
Adenosine,Nc1ncnc2c1ncn2[C@@H]1O[C@H](COP(=O)(O)O)[C@@H](O)[C@H]1O
Adenosine,Nc1ncnc2c1ncn2[C@@H]1O[C@H](CO[P@@](=O)(O)O[P@@](=O)(O)OP(=O)(O)O)[C@@H](O)[C@H]1O
Adinazolam,CN(C)Cc1nnc2n1-c1ccc(Cl)cc1C(c1ccccc1)=NC2
Afatinib,CN(C)C/C=C/C(=O)Nc1cc2c(Nc3ccc(F)c(Cl)c3)ncnc2cc1O[C@H]1CCOC1
Agomelatine,COc1ccc2cccc(CCNC(C)=O)c2c1
Ajmaline,CC[C@H]1[C@@H]2C[C@H]3[C@@H]4N(C)c5ccccc5[C@]45C[C@@H](C2[C@H]5O)N3[C@@H]1O
Albendazole,CCCSc1ccc2nc(NC(=O)OC)[nH]c2c1
Alcaftadine,CN1CCC(=C2c3ccccc3CCn3c(C=O)cnc32)CC1
Alclometasone,C[C@@H]1C[C@H]2[C@H]3[C@H]([C@@H](O)C[C@]2(C)[C@@]1(O)C(=O)CO)[C@@]1(C)C=CC(=O)C=C1C[C@H]3Cl
Alendronate,NCCCC(O)(P(=O)(O)O)P(=O)(O)O
Alfacalcidol,C=C1/C(=C\C=C2/CCC[C@@]3(C)[C@H]2CC[C@@H]3[C@H](C)CCCC(C)C)C[C@@H](O)C[C@@H]1O
Alfentanil,CCC(=O)N(c1ccccc1)C1(COC)CCN(CCn2nnn(CC)c2=O)CC1
Alfuzosin,COc1cc2nc(N(C)CCCNC(=O)C3CCCO3)nc(N)c2cc1OC
Aliskiren,COCCCOc1cc(C[C@@H](C[C@H](N)[C@@H](O)C[C@H](C(=O)NCC(C)(C)C(N)=O)C(C)C)C(C)C)ccc1OC
Alitretinoin,CC1=C(/C=C/C(C)=C\C=C\C(C)=C\C(=O)O)C(C)(C)CCC1
Alizapride,C=CCN1CCCC1CNC(=O)c1cc2n[nH]nc2cc1OC
Allopurinol,O=c1ncnc2[nH][nH]cc1-2
Allylestrenol,C=CC[C@]1(O)CC[C@H]2[C@@H]3CCC4=CCCC[C@@H]4[C@H]3CC[C@@]21C
Almitrine,C=CCNc1nc(NCC=C)nc(N2CCN(C(c3ccc(F)cc3)c3ccc(F)cc3)CC2)n1
Almotriptan,CN(C)CCc1c[nH]c2ccc(CS(=O)(=O)N3CCCC3)cc12
Alogliptin,Cn1c(=O)cc(N2CCC[C@@H](N)C2)n(Cc2ccccc2C#N)c1=O
Alosetron,Cc1[nH]cnc1CN1CCc2c(c3ccccc3n2C)C1=O
Alpha-Linolenic,CC/C=C\C/C=C\C/C=C\CCCCCCCC(=O)O
Alprazolam,Cc1nnc2n1-c1ccc(Cl)cc1C(c1ccccc1)=NC2
Alprenolol,C=CCc1ccccc1OCC(O)CNC(C)C
Alprostadil,CCCCC[C@H](O)C=C[C@H]1[C@H](O)CC(=O)[C@@H]1CCCCCCC(=O)O
Altretamine,CN(C)c1nc(N(C)C)nc(N(C)C)n1
Aluminum,[Al+3]
Alverine,CCN(CCCc1ccccc1)CCCc1ccccc1
Alvimopan,C[C@H]1CN(C[C@H](Cc2ccccc2)C(=O)NCC(=O)O)CC[C@@]1(C)c1cccc(O)c1
Amantadine,NC12CC3CC(CC(C3)C1)C2
Ambenonium,CC[N+](CC)(CCNC(=O)C(=O)NCC[N+](CC)(CC)Cc1ccccc1Cl)Cc1ccccc1Cl
Amcinonide,CC(=O)OCC(=O)[C@@]12OC3(CCCC3)O[C@@H]1C[C@H]1[C@@H]3CCC4=CC(=O)C=C[C@]4(C)[C@@]3(F)[C@@H](O)C[C@@]12C
Amdinocillin,CC1(C)S[C@@H]2[C@H](N=CN3CCCCCC3)C(=O)N2[C@H]1C(=O)O
Amifostine,NCCCNCCSP(=O)(O)O
Amiloride,NC(N)=NC(=O)c1nc(Cl)c(N)nc1N
Aminocaproic,NCCCCCC(=O)O
Aminoglutethimide,CCC1(c2ccc(N)cc2)CCC(=O)NC1=O
Aminohippurate,Nc1ccc(C(=O)NCC(=O)O)cc1
Aminolevulinic,NCC(=O)CCC(=O)O
Aminophenazone,Cc1c(N(C)C)c(=O)n(-c2ccccc2)n1C
Aminophylline,Cn1c(=O)c2[nH]cnc2n(C)c1=O
Aminosalicylic,Nc1ccc(C(=O)O)c(O)c1
Amiodarone,CCCCc1oc2ccccc2c1C(=O)c1cc(I)c(OCCN(CC)CC)c(I)c1
Amisulpride,CCN1CCCC1CNC(=O)c1cc(S(=O)(=O)CC)c(N)cc1OC
Amitriptyline,CN(C)CCC=C1c2ccccc2CCc2ccccc21
Amlexanox,CC(C)c1ccc2oc3nc(N)c(C(=O)O)cc3c(=O)c2c1
Amlodipine,CCOC(=O)C1=C(COCCN)NC(C)=C(C(=O)OC)C1c1ccccc1Cl
Ammonium,CC(O)C(=O)[O-]
Amobarbital,CCC1(CCC(C)C)C(=O)NC(=O)NC1=O
Amodiaquine,CCN(CC)Cc1cc(Nc2ccnc3cc(Cl)ccc23)ccc1O
Amoxapine,Clc1ccc2c(c1)C(N1CCNCC1)=Nc1ccccc1O2
Amoxicillin,CC1(C)S[C@@H]2[C@H](NC(=O)[C@H](N)c3ccc(O)cc3)C(=O)N2[C@H]1C(=O)O
Amphetamine,CC(N)Cc1ccccc1
Ampicillin,CC1(C)S[C@@H]2[C@H](NC(=O)[C@H](N)c3ccccc3)C(=O)N2[C@H]1C(=O)O
Amprenavir,CC(C)CN(C[C@@H](O)[C@H](Cc1ccccc1)NC(=O)O[C@H]1CCOC1)S(=O)(=O)c1ccc(N)cc1
Amrinone,Nc1cc(-c2ccncc2)c[nH]c1=O
Amsacrine,COc1cc(NS(C)(=O)=O)ccc1Nc1c2ccccc2nc2ccccc12
Amyl,CCCCCON=O
Anagrelide,O=C1CN2Cc3c(ccc(Cl)c3Cl)N=C2N1
Anastrozole,CC(C)(C#N)c1cc(Cn2cncn2)cc(C(C)(C)C#N)c1
Anileridine,CCOC(=O)C1(c2ccccc2)CCN(CCc2ccc(N)cc2)CC1
Anisindione,COc1ccc(C2C(=O)c3ccccc3C2=O)cc1
Anisotropine,CCCC(CCC)C(=O)OC1CC2CCC(C1)[N+]2(C)C
Antazoline,c1ccc(CN(CC2=NCCN2)c2ccccc2)cc1
Antipyrine,Cc1cc(=O)n(-c2ccccc2)n1C
Antrafenine,O=C(OCCN1CCN(c2cccc(C(F)(F)F)c2)CC1)c1ccccc1Nc1ccnc2cc(C(F)(F)F)ccc12
Apixaban,COc1ccc(-n2nc(C(N)=O)c3c2C(=O)N(c2ccc(N4CCCCC4=O)cc2)CC3)cc1
Apomorphine,CN1CCc2cccc3c2[C@H]1Cc1ccc(O)c(O)c1-3
Apraclonidine,Nc1cc(Cl)c(NC2=NCCN2)c(Cl)c1
Aprepitant,C[C@@H](O[C@H]1OCCN(Cc2n[nH]c(=O)[nH]2)[C@H]1c1ccc(F)cc1)c1cc(C(F)(F)F)cc(C(F)(F)F)c1
Aprindine,CCN(CC)CCCN(c1ccccc1)C1Cc2ccccc2C1
Aprobarbital,C=CCC1(C(C)C)C(=O)NC(=O)NC1=O
Arbutamine,Oc1ccc(CCCCNC[C@H](O)c2ccc(O)c(O)c2)cc1
Arformoterol,COc1ccc(C[C@@H](C)NC[C@H](O)c2ccc(O)c(NC=O)c2)cc1
Argatroban,C[C@H]1CNc2c(cccc2S(=O)(=O)N[C@@H](CCCN=C(N)N)C(=O)N2CC[C@@H](C)C[C@@H]2C(=O)O)C1
Aripiprazole,O=C1CCc2ccc(OCCCCN3CCN(c4cccc(Cl)c4Cl)CC3)cc2N1
Arsenic,O1[As]2O[As]1O2
Artemether,CO[C@H]1O[C@@H]2O[C@@]3(C)CC[C@H]4[C@H](C)CC[C@@H]([C@H]1C)[C@]42OO3
Asenapine,CN1CC2c3ccccc3Oc3ccc(Cl)cc3C2C1
Aspartame,COC(=O)[C@H](Cc1ccccc1)NC(=O)[C@@H](N)CC(=O)O
Astemizole,COc1ccc(CCN2CCC(Nc3nc4ccccc4n3Cc3ccc(F)cc3)CC2)cc1
Atazanavir,COC(=O)N[C@H](C(=O)N[C@@H](Cc1ccccc1)[C@@H](O)CN(Cc1ccc(-c2ccccn2)cc1)NC(=O)[C@@H](NC(=O)OC)C(C)(C)C)C(C)(C)C
Atenolol,CC(C)NCC(O)COc1ccc(CC(N)=O)cc1
Atomoxetine,CNCC[C@@H](Oc1ccccc1C)c1ccccc1
Atorvastatin,CC(C)c1c(C(=O)Nc2ccccc2)c(-c2ccccc2)c(-c2ccc(F)cc2)n1CC[C@@H](O)C[C@@H](O)CC(=O)O
Atovaquone,O=C1C(O)=C([C@H]2CC[C@H](c3ccc(Cl)cc3)CC2)C(=O)c2ccccc21
Atropine,CN1[C@H]2CC[C@@H]1C[C@H](OC(=O)C(CO)c1ccccc1)C2
Auranofin,CCP(CC)(CC)=[Au]S[C@@H]1O[C@H](COC(C)=O)[C@@H](OC(C)=O)[C@H](OC(C)=O)[C@H]1OC(C)=O
Avanafil,COc1ccc(CNc2nc(N3CCC[C@H]3CO)ncc2C(=O)NCc2ncccn2)cc1Cl
Azacitidine,Nc1ncn([C@@H]2O[C@H](CO)[C@@H](O)[C@H]2O)c(=O)n1
Azatadine,CN1CCC(=C2c3ccccc3CCc3cccnc32)CC1
Azathioprine,Cn1cnc([N+](=O)[O-])c1Sc1ncnc2nc[nH]c12
Azelaic,O=C(O)CCCCCCCC(=O)O
Azelastine,CN1CCCC(n2nc(Cc3ccc(Cl)cc3)c3ccccc3c2=O)CC1
Azidocillin,CC1(C)S[C@@H]2[C@H](NC(=O)[C@H](N=[N+]=[N-])c3ccccc3)C(=O)N2[C@H]1C(=O)O
Azilsartan,CCOc1nc2cccc(C(=O)OCc3oc(=O)oc3C)c2n1Cc1ccc(-c2ccccc2-c2noc(=O)[nH]2)cc1
Azlocillin,CC1(C)S[C@@H]2[C@H](NC(=O)[C@H](NC(=O)N3CCNC3=O)c3ccccc3)C(=O)N2[C@H]1C(=O)O
Aztreonam,C[C@H]1[C@H](NC(=O)/C(=N\OC(C)(C)C(=O)O)c2csc([NH3+])n2)C(=O)N1S(=O)(=O)[O-]
Bacampicillin,CCOC(=O)OC(C)OC(=O)[C@@H]1N2C(=O)[C@@H](NC(=O)[C@H](N)c3ccccc3)[C@H]2SC1(C)C
Baclofen,NCC(CC(=O)O)c1ccc(Cl)cc1
Balsalazide,O=C(O)CCNC(=O)c1ccc(/N=N/c2ccc(O)c(C(=O)O)c2)cc1
Bambuterol,CN(C)C(=O)Oc1cc(OC(=O)N(C)C)cc(C(O)CNC(C)(C)C)c1
Beclometasone,CCC(=O)OCC(=O)[C@@]1(OC(=O)CC)[C@@H](C)C[C@H]2[C@@H]3CCC4=CC(=O)C=C[C@]4(C)[C@@]3(Cl)[C@@H](O)C[C@@]21C
Bedaquiline,COc1nc2ccc(Br)cc2cc1[C@@H](c1ccccc1)[C@@](O)(CCN(C)C)c1cccc2ccccc12
Benazepril,CCOC(=O)[C@H](CCc1ccccc1)N[C@H]1CCc2ccccc2N(CC(=O)O)C1=O
Bendroflumethiazide,NS(=O)(=O)c1cc2c(cc1C(F)(F)F)NC(Cc1ccccc1)NS2(=O)=O
Bentiromide,O=C(O)c1ccc(NC(=O)[C@H](Cc2ccc(O)cc2)NC(=O)c2ccccc2)cc1
Bentoquatam,O=[Al]O[Al]=O
Benzatropine,CN1[C@H]2CC[C@@H]1C[C@H](OC(c1ccccc1)c1ccccc1)C2
Benzocaine,CCOC(=O)c1ccc(N)cc1
Benzonatate,CCCCNc1ccc(C(=O)OCCOCCOCCOCCOCCOCCOCCOCCOCCOC)cc1
Benzphetamine,C[C@@H](Cc1ccccc1)N(C)Cc1ccccc1
Benzquinamide,CCN(CC)C(=O)C1CN2CCc3cc(OC)c(OC)cc3C2CC1OC(C)=O
Benzthiazide,NS(=O)(=O)c1cc2c(cc1Cl)NC(CSCc1ccccc1)=NS2(=O)=O
Benzyl,OCc1ccccc1
Benzyl,O=C(OCc1ccccc1)c1ccccc1
Bepotastine,O=C(O)CCCN1CCC(OC(c2ccc(Cl)cc2)c2ccccn2)CC1
Bepridil,CC(C)COCC(CN(Cc1ccccc1)c1ccccc1)N1CCCC1
Besifloxacin,N[C@@H]1CCCCN(c2c(F)cc3c(=O)c(C(=O)O)cn(C4CC4)c3c2Cl)C1
Betahistine,CNCCc1ccccn1
Betamethasone,C[C@H]1C[C@H]2[C@@H]3CCC4=CC(=O)C=C[C@]4(C)[C@@]3(F)[C@@H](O)C[C@]2(C)[C@@]1(O)C(=O)CO
Betaxolol,CC(C)NCC(O)COc1ccc(CCOCC2CC2)cc1
Betazole,NCCc1ccn[nH]1
Bethanechol,CC(C[N+](C)(C)C)OC(N)=O
Bethanidine,C/N=C(\NC)NCc1ccccc1
Bevantolol,COc1ccc(CCNCC(O)COc2cccc(C)c2)cc1OC
Bexarotene,C=C(c1ccc(C(=O)O)cc1)c1cc2c(cc1C)C(C)(C)CCC2(C)C
Bezafibrate,CC(C)(Oc1ccc(CCNC(=O)c2ccc(Cl)cc2)cc1)C(=O)O
Bicalutamide,CC(O)(CS(=O)(=O)c1ccc(F)cc1)C(=O)Nc1ccc(C#N)c(C(F)(F)F)c1
Bifonazole,c1ccc(-c2ccc(C(c3ccccc3)n3ccnc3)cc2)cc1
Bimatoprost,CCNC(=O)CCC/C=C\C[C@H]1[C@@H](O)C[C@@H](O)[C@@H]1/C=C/[C@@H](O)CCc1ccccc1
Biotin,O=C(O)CCCC[C@@H]1SC[C@@H]2NC(=O)N[C@H]12
Biperiden,OC(CCN1CCCCC1)(c1ccccc1)C1CC2C=CC1C2
Bismuth,O=C1O[Bi](O)Oc2ccccc21
Bisoprolol,CC(C)NCC(O)COc1ccc(COCCOC(C)C)cc1
Boceprevir,CC(C)(C)NC(=O)N[C@H](C(=O)N1C[C@H]2[C@@H]([C@H]1C(=O)NC(CC1CCC1)C(=O)C(N)=O)C2(C)C)C(C)(C)C
Bopindolol,Cc1cc2c(OCC(CNC(C)(C)C)OC(=O)c3ccccc3)cccc2[nH]1
Bortezomib,CC(C)C[C@H](NC(=O)[C@H](Cc1ccccc1)NC(=O)c1cnccn1)B(O)O
Bosentan,COc1ccccc1Oc1c(NS(=O)(=O)c2ccc(C(C)(C)C)cc2)nc(-c2ncccn2)nc1OCCO
Bosutinib,COc1cc(Nc2c(C#N)cnc3cc(OCCCN4CCN(C)CC4)c(OC)cc23)c(Cl)cc1Cl
Bretylium,CC[N+](C)(C)Cc1ccccc1Br
Brimonidine,Brc1c(NC2=NCCN2)ccc2nccnc12
Brinzolamide,CCN[C@H]1CN(CCCOC)S(=O)(=O)c2sc(S(N)(=O)=O)cc21
Bromazepam,O=C1CN=C(c2ccccn2)c2cc(Br)ccc2N1
Bromfenac,Nc1c(CC(=O)O)cccc1C(=O)c1ccc(Br)cc1
Bromocriptine,CC(C)C[C@H]1C(=O)N2CCC[C@H]2[C@]2(O)O[C@](NC(=O)[C@@H]3C=C4c5cccc6[nH]c(Br)c(c56)C[C@H]4N(C)C3)(C(C)C)C(=O)N12
Bromodiphenhydramine,CN(C)CCOC(c1ccccc1)c1ccc(Br)cc1
Brompheniramine,CN(C)CCC(c1ccc(Br)cc1)c1ccccn1
Buclizine,CC(C)(C)c1ccc(CN2CCN(C(c3ccccc3)c3ccc(Cl)cc3)CC2)cc1
Budesonide,CCCC1O[C@@H]2C[C@H]3[C@@H]4CCC5=CC(=O)C=C[C@]5(C)[C@H]4[C@@H](O)C[C@]3(C)[C@]2(C(=O)CO)O1
Bumetanide,CCCCNc1cc(C(=O)O)cc(S(N)(=O)=O)c1Oc1ccccc1
Bupivacaine,CCCCN1CCCCC1C(=O)Nc1c(C)cccc1C
Bupranolol,Cc1ccc(Cl)c(OCC(O)CNC(C)(C)C)c1
Buprenorphine,CO[C@]12CC[C@@]3(C[C@@H]1[C@](C)(O)C(C)(C)C)[C@H]1Cc4ccc(O)c5c4[C@@]3(CCN1CC1CC1)[C@H]2O5
Bupropion,CC(NC(C)(C)C)C(=O)c1cccc(Cl)c1
Buspirone,O=C1CC2(CCCC2)CC(=O)N1CCCCN1CCN(c2ncccn2)CC1
Busulfan,CS(=O)(=O)OCCCCOS(C)(=O)=O
Butabarbital,CCC(C)C1(CC)C(=O)NC(=O)NC1=O
Butalbital,C=CCC1(CC(C)C)C(=O)NC(=O)NC1=O
Butenafine,CN(Cc1ccc(C(C)(C)C)cc1)Cc1cccc2ccccc12
Butethal,CCCCC1(CC)C(=O)NC(=O)NC1=O
Butoconazole,Clc1ccc(CCC(Cn2ccnc2)Sc2c(Cl)cccc2Cl)cc1
Butorphanol,Oc1ccc2c(c1)[C@@]13CCCC[C@@]1(O)[C@@H](C2)N(CC1CCC1)CC3
Cabergoline,C=CCN1C[C@H](C(=O)N(CCCN(C)C)C(=O)NCC)C[C@@H]2c3cccc4[nH]cc(c34)C[C@H]21
Caffeine,Cn1c(=O)c2c(ncn2C)n(C)c1=O
Calcidiol,C=C1CC[C@H](O)C/C1=C/C=C1\CCC[C@@]2(C)[C@H]1CC[C@@H]2[C@H](C)CCCC(C)(C)O
Calcipotriol,C=C1/C(=C\C=C2/CCC[C@@]3(C)[C@H]2CC[C@@H]3[C@H](C)/C=C/[C@@H](O)C2CC2)C[C@@H](O)C[C@@H]1O
Calcitriol,C=C1/C(=C\C=C2/CCC[C@@]3(C)[C@H]2CC[C@@H]3[C@H](C)CCCC(C)(C)O)C[C@@H](O)C[C@@H]1O
Calcium,CC(=O)[O-]
Calcium,[Ca+2]
Calcium,O=C([O-])C(O)[C@H](O)[C@@H](O)[C@H](O)[C@H](O)CO
Camazepam,CN(C)C(=O)OC1N=C(c2ccccc2)c2cc(Cl)ccc2N(C)C1=O
Canagliflozin,Cc1ccc([C@@H]2O[C@H](CO)[C@@H](O)[C@H](O)[C@H]2O)cc1Cc1ccc(-c2ccc(F)cc2)s1
Candesartan,CCOc1nc2cccc(C(=O)O)c2n1Cc1ccc(-c2ccccc2-c2nn[nH]n2)cc1
Candoxatril,COCCOC[C@H](CC1(C(=O)N[C@H]2CC[C@@H](C(=O)O)CC2)CCCC1)C(=O)Oc1ccc2c(c1)CCC2
Capecitabine,CCCCCOC(=O)Nc1nc(=O)n([C@@H]2O[C@H](C)[C@@H](O)[C@H]2O)cc1F
Captopril,C[C@H](CS)C(=O)N1CCC[C@H]1C(=O)O
Carbachol,C[N+](C)(C)CCOC(N)=O
Carbamazepine,NC(=O)N1c2ccccc2C=Cc2ccccc21
Carbenicillin,CC1(C)S[C@@H]2[C@H](NC(=O)C(C(=O)O)c3ccccc3)C(=O)N2[C@H]1C(=O)O
Carbidopa,C[C@@](Cc1ccc(O)c(O)c1)(NN)C(=O)O
Carbimazole,CCOC(=O)n1ccn(C)c1=S
Carbinoxamine,CN(C)CCOC(c1ccc(Cl)cc1)c1ccccn1
Carboplatin,O=C1O[Pt]OC(=O)C12CCC2
Carboprost,CCCCC[C@](C)(O)/C=C/[C@H]1[C@@H](O)C[C@H](O)[C@@H]1C/C=C\CCCC(=O)[O-]
Carfilzomib,CC(C)C[C@H](NC(=O)[C@H](CCc1ccccc1)NC(=O)CN1CCOCC1)C(=O)N[C@@H](Cc1ccccc1)C(=O)N[C@@H](CC(C)C)C(=O)[C@@]1(C)CO1
Carglumic,NC(=O)N[C@@H](CCC(=O)O)C(=O)O
Carisoprodol,CCCC(C)(COC(N)=O)COC(=O)NC(C)C
Carmustine,O=NN(CCCl)C(=O)NCCCl
Carphenazine,CCC(=O)c1ccc2c(c1)N(CCN1CCN(CCO)CC1)c1ccccc1S2
Carprofen,CC(C(=O)O)c1ccc2c(c1)[nH]c1ccc(Cl)cc12
Carteolol,CC(C)(C)NCC(O)COc1cccc2c1CCC(=O)N2
Carvedilol,COc1ccccc1OCCNCC(O)COc1cccc2[nH]c3ccccc3c12
Cefacetrile,CC(=O)OCC1=C(C(=O)O)N2C(=O)[C@@H](NC(=O)CC#N)[C@H]2SC1
Cefaclor,N[C@@H](C(=O)N[C@@H]1C(=O)N2C(C(=O)O)=C(Cl)CS[C@H]12)c1ccccc1
Cefadroxil,CC1=C(C(=O)O)N2C(=O)[C@@H](NC(=O)[C@H](N)c3ccc(O)cc3)[C@H]2SC1
Cefalotin,CC(=O)OCC1=C(C(=O)O)N2C(=O)[C@@H](NC(=O)Cc3cccs3)[C@H]2SC1
Cefamandole,Cn1nnnc1SCC1=C(C(=O)O)N2C(=O)[C@@H](NC(=O)[C@H](O)c3ccccc3)[C@H]2SC1
Cefazolin,Cc1nnc(SCC2=C(C(=O)O)N3C(=O)[C@@H](NC(=O)Cn4cnnn4)[C@H]3SC2)s1
Cefdinir,C=CC1=C(C(=O)O)N2C(=O)[C@@H](NC(=O)/C(=N\O)c3csc(N)n3)[C@H]2SC1
Cefditoren,CO/N=C(\C(=O)N[C@@H]1C(=O)N2C(C(=O)O)=C(/C=C\c3scnc3C)CS[C@H]12)c1csc(N)n1
Cefepime,CO/N=C(\C(=O)N[C@@H]1C(=O)N2C(C(=O)[O-])=C(C[N+]3(C)CCCC3)CS[C@H]12)c1csc(N)n1
Cefixime,C=CC1=C(C(=O)O)N2C(=O)[C@@H](NC(=O)/C(=N\OCC(=O)O)c3csc(N)n3)[C@H]2SC1
Cefmenoxime,CO/N=C(\C(=O)N[C@@H]1C(=O)N2C(C(=O)O)=C(CSc3nnnn3C)CS[C@H]12)c1csc(N)n1
Cefmetazole,CO[C@@]1(NC(=O)CSCC#N)C(=O)N2C(C(=O)O)=C(CSc3nnnn3C)CS[C@@H]21
Cefonicid,O=C(O)C1=C(CSc2nnnn2CS(=O)(=O)O)CS[C@@H]2[C@H](NC(=O)[C@H](O)c3ccccc3)C(=O)N12
Cefoperazone,CCN1CCN(C(=O)NC(C(=O)N[C@@H]2C(=O)N3C(C(=O)O)=C(CSc4nnnn4C)CS[C@H]23)c2ccc(O)cc2)C(=O)C1=O
Ceforanide,NCc1ccccc1CC(=O)N[C@@H]1C(=O)N2C(C(=O)O)=C(CSc3nnnn3CC(=O)O)CS[C@H]12
Cefotaxime,CO/N=C(\C(=O)N[C@@H]1C(=O)N2C(C(=O)O)=C(COC(C)=O)CS[C@H]12)c1csc(N)n1
Cefotetan,CO[C@@]1(NC(=O)C2SC(=C(C(N)=O)C(=O)O)S2)C(=O)N2C(C(=O)O)=C(CSc3nnnn3C)CS[C@@H]21
Cefotiam,CN(C)CCn1nnnc1SCC1=C(C(=O)O)N2C(=O)[C@@H](NC(=O)Cc3csc(N)n3)[C@H]2SC1
Cefoxitin,CO[C@@]1(NC(=O)Cc2cccs2)C(=O)N2C(C(=O)O)=C(COC(N)=O)CS[C@@H]21
Cefpiramide,Cc1cc(O)c(C(=O)N[C@@H](C(=O)N[C@@H]2C(=O)N3C(C(=O)O)=C(CSc4nnnn4C)CS[C@H]23)c2ccc(O)cc2)cn1
Cefpodoxime,COCC1=C(C(=O)O)N2C(=O)[C@@H](NC(=O)/C(=N\OC)c3csc(N)n3)[C@H]2SC1
Cefprozil,CC=CC1=C(C(=O)O)N2C(=O)[C@@H](NC(=O)[C@H](N)c3ccc(O)cc3)[C@H]2SC1
Cefradine,CC1=C(C(=O)O)N2C(=O)[C@@H](NC(=O)[C@H](N)C3=CCC=CC3)[C@H]2SC1
Ceftaroline,CCO/N=C(/C(=O)N[C@@H]1C(=O)N2C(C(=O)[O-])=C(Sc3nc(-c4cc[n+](C)cc4)cs3)CS[C@H]12)c1nsc(NP(=O)(O)O)n1
Ceftazidime,CC(C)(O/N=C(\C(=O)N[C@@H]1C(=O)N2C(C(=O)[O-])=C(C[n+]3ccccc3)CS[C@H]12)c1csc(N)n1)C(=O)O
Ceftibuten,Nc1nc(/C(=C/CC(=O)O)C(=O)N[C@@H]2C(=O)N3C(C(=O)O)=CCS[C@H]23)cs1
Ceftizoxime,CO/N=C(\C(=O)N[C@@H]1C(=O)N2C(C(=O)O)=CCS[C@H]12)c1csc(N)n1
Ceftriaxone,CO/N=C(\C(=O)N[C@@H]1C(=O)N2C(C(=O)O)=C(CSc3nc(=O)c(=O)[nH]n3C)CS[C@H]12)c1csc(N)n1
Cefuroxime,CO/N=C(\C(=O)N[C@@H]1C(=O)N2C(C(=O)O)=C(COC(N)=O)CS[C@H]12)c1ccco1
Celecoxib,Cc1ccc(-c2cc(C(F)(F)F)nn2-c2ccc(S(N)(=O)=O)cc2)cc1
Cephalexin,CC1=C(C(=O)O)N2C(=O)[C@@H](NC(=O)[C@H](N)c3ccccc3)[C@H]2SC1
Cephaloglycin,CC(=O)OCC1=C(C(=O)O)N2C(=O)[C@@H](NC(=O)[C@H](N)c3ccccc3)[C@H]2SC1
Cephapirin,CC(=O)OCC1=C(C(=O)O)N2C(=O)[C@@H](NC(=O)CSc3ccncc3)[C@H]2SC1
Cerulenin,CC=CCC=CCCC(=O)[C@H]1O[C@H]1C(N)=O
Cetirizine,O=C(O)COCCN1CCN(C(c2ccccc2)c2ccc(Cl)cc2)CC1
Cevimeline,CC1O[C@@]2(CS1)CN1CCC2CC1
Chenodeoxycholic,C[C@H](CCC(=O)O)[C@H]1CC[C@H]2[C@H]3[C@H](CC[C@@]21C)[C@@]1(C)CC[C@@H](O)C[C@H]1C[C@H]3O
Chlophedianol,CN(C)CCC(O)(c1ccccc1)c1ccccc1Cl
Chlorambucil,O=C(O)CCCc1ccc(N(CCCl)CCCl)cc1
Chloramphenicol,O=C(N[C@H](CO)[C@H](O)c1ccc([N+](=O)[O-])cc1)C(Cl)Cl
Chlordiazepoxide,CNC1=Nc2ccc(Cl)cc2C(c2ccccc2)=[N+]([O-])C1
Chlorhexidine,N=C(NCCCCCCNC(=N)NC(=N)Nc1ccc(Cl)cc1)NC(=N)Nc1ccc(Cl)cc1
Chlormerodrin,COC(CNC(N)=O)C[Hg]Cl
Chlormezanone,CN1C(=O)CCS(=O)(=O)C1c1ccc(Cl)cc1
Chloroprocaine,CCN(CC)CCOC(=O)c1ccc(N)cc1Cl
Chloropyramine,CN(C)CCN(Cc1ccc(Cl)cc1)c1ccccn1
Chloroquine,CCN(CC)CCCC(C)Nc1ccnc2cc(Cl)ccc12
Chlorothiazide,NS(=O)(=O)c1cc2c(cc1Cl)NC=NS2(=O)=O
Chlorotrianisene,COc1ccc(C(Cl)=C(c2ccc(OC)cc2)c2ccc(OC)cc2)cc1
Chloroxine,Oc1c(Cl)cc(Cl)c2cccnc12
Chlorphenesin,OCC(O)COc1ccc(Cl)cc1
Chlorpheniramine,CN(C)CCC(c1ccc(Cl)cc1)c1ccccn1
Chlorpromazine,CN(C)CCCN1c2ccccc2Sc2ccc(Cl)cc21
Chlorpropamide,CCCNC(=O)NS(=O)(=O)c1ccc(Cl)cc1
Chlorprothixene,CN(C)CCC=C1c2ccccc2Sc2ccc(Cl)cc21
Chlorthalidone,NS(=O)(=O)c1cc(C2(O)NC(=O)c3ccccc32)ccc1Cl
Chlorzoxazone,O=c1[nH]c2cc(Cl)ccc2o1
Cholecalciferol,C=C1CC[C@H](O)C/C1=C/C=C1\CCC[C@@]2(C)[C@H]1CC[C@@H]2[C@H](C)CCCC(C)C
Choline,C[N+](C)(C)CCO
Ciclopirox,Cc1cc(C2CCCCC2)n(O)c(=O)c1
Cidofovir,Nc1ccn(C[C@@H](CO)OCP(=O)(O)O)c(=O)n1
Cilastatin,CC1(C)C[C@@H]1C(=O)N/C(=C\CCCCSC[C@H](N)C(=O)O)C(=O)O
Cilazapril,CCOC(=O)[C@H](CCc1ccccc1)N[C@H]1CCCN2CCC[C@@H](C(=O)O)N2C1=O
Cilostazol,O=C1CCc2cc(OCCCCc3nnnn3C3CCCCC3)ccc2N1
Cimetidine,C/N=C(\NC#N)NCCSCc1nc[nH]c1C
Cinacalcet,C[C@@H](NCCCc1cccc(C(F)(F)F)c1)c1cccc2ccccc12
Cinalukast,CCC(CC)(CC(=O)Nc1cccc(/C=C/c2nc(C3CCC3)cs2)c1)C(=O)O
Cinitapride,CCOc1cc(N)c([N+](=O)[O-])cc1C(=O)NC1CCN(CC2CC=CCC2)CC1
Cinnarizine,C(=Cc1ccccc1)CN1CCN(C(c2ccccc2)c2ccccc2)CC1
Cinolazepam,N#CCCN1C(=O)C(O)N=C(c2ccccc2F)c2cc(Cl)ccc21
Cinoxacin,CCn1nc(C(=O)O)c(=O)c2cc3c(cc21)OCO3
Ciprofloxacin,O=C(O)c1cn(C2CC2)c2cc(N3CCNCC3)c(F)cc2c1=O
Cisapride,COc1cc(N)c(Cl)cc1C(=O)N[C@@H]1CCN(CCCOc2ccc(F)cc2)C[C@@H]1OC
Cisplatin,N[Pt](N)(Cl)Cl
Citalopram,CN(C)CCCC1(c2ccc(F)cc2)OCc2cc(C#N)ccc21
Cladribine,Nc1nc(Cl)nc2c1ncn2[C@H]1C[C@H](O)[C@@H](CO)O1
Clavulanate,O=C(O)[C@H]1/C(=C/CO)O[C@@H]2CC(=O)N21
Clemastine,CN1CCC[C@@H]1CCO[C@](C)(c1ccccc1)c1ccc(Cl)cc1
Clenbuterol,CC(C)(C)NCC(O)c1cc(Cl)c(N)c(Cl)c1
Clevidipine,CCCC(=O)OCOC(=O)C1=C(C)NC(C)=C(C(=O)OC)C1c1cccc(Cl)c1Cl
Clidinium,C[N+]12CCC(CC1)C(OC(=O)C(O)(c1ccccc1)c1ccccc1)C2
Clindamycin,CCC[C@@H]1C[C@@H](C(=O)NC(C(C)Cl)[C@H]2O[C@H](SC)[C@H](O)[C@@H](O)[C@H]2O)N(C)C1
Clobazam,CN1C(=O)CC(=O)N(c2ccccc2)c2cc(Cl)ccc21
Clobetasol,C[C@H]1C[C@H]2[C@@H]3CCC4=CC(=O)C=C[C@]4(C)[C@@]3(F)[C@@H](O)C[C@]2(C)[C@@]1(O)C(=O)CCl
Clocortolone,C[C@@H]1C[C@H]2[C@@H]3C[C@H](F)C4=CC(=O)C=C[C@]4(C)[C@@]3(Cl)[C@@H](O)C[C@]2(C)[C@H]1C(=O)CO
Clodronate,O=P(O)(O)C(Cl)(Cl)P(=O)(O)O
Clofarabine,Nc1nc(Cl)nc2c1ncn2[C@@H]1O[C@H](CO)[C@@H](O)[C@@H]1F
Clofazimine,CC(C)N=c1cc2n(-c3ccc(Cl)cc3)c3ccccc3nc-2cc1Nc1ccc(Cl)cc1
Clofibrate,CCOC(=O)C(C)(C)Oc1ccc(Cl)cc1
Clomifene,CCN(CC)CCOc1ccc(C(=C(Cl)c2ccccc2)c2ccccc2)cc1
Clomipramine,CN(C)CCCN1c2ccccc2CCc2ccc(Cl)cc21
Clomocycline,CN(C)[C@@H]1C(O)=C(C(=O)NCO)C(=O)[C@@]2(O)C(O)=C3C(=O)c4c(O)ccc(Cl)c4[C@@](C)(O)[C@H]3C[C@@H]12
Clonazepam,O=C1CN=C(c2ccccc2Cl)c2cc([N+](=O)[O-])ccc2N1
Clonidine,Clc1cccc(Cl)c1NC1=NCCN1
Clopidogrel,COC(=O)[C@H](c1ccccc1Cl)N1CCc2sccc2C1
Clorazepate,O=C(O)C1N=C(c2ccccc2)c2cc(Cl)ccc2NC1=O
Clotiazepam,CCc1cc2c(s1)N(C)C(=O)CN=C2c1ccccc1Cl
Clotrimazole,Clc1ccccc1C(c1ccccc1)(c1ccccc1)n1ccnc1
Cloxacillin,Cc1onc(-c2ccccc2Cl)c1C(=O)N[C@@H]1C(=O)N2[C@@H](C(=O)O)C(C)(C)S[C@H]12
Cloxazolam,O=C1CN2CCOC2(c2ccccc2Cl)c2cc(Cl)ccc2N1
Clozapine,CN1CCN(C2=Nc3cc(Cl)ccc3Nc3ccccc32)CC1
Cocaine,COC(=O)[C@H]1[C@@H](OC(=O)c2ccccc2)C[C@@H]2CC[C@H]1N2C
Codeine,COc1ccc2c3c1O[C@H]1[C@@H](O)C=C[C@H]4[C@@H](C2)N(C)CC[C@]314
Colchicine,COc1cc2c(c(OC)c1OC)-c1ccc(OC)c(=O)cc1C(NC(C)=O)CC2
Colestipol,NCCNCCNCCNCCN
Conivaptan,Cc1nc2c([nH]1)CCN(C(=O)c1ccc(NC(=O)c3ccccc3-c3ccccc3)cc1)c1ccccc1-2
Conjugated,C[C@]12CC[C@@H]3c4ccc(OS(=O)(=O)[O-])cc4CC[C@H]3[C@@H]1CCC2=O
Cortisone,CC(=O)OCC(=O)[C@@]1(O)CC[C@H]2[C@@H]3CCC4=CC(=O)CC[C@]4(C)[C@H]3C(=O)C[C@@]21C
Creatine,CN(CC(=O)O)C(=N)N
Cromoglicic,O=C(O)c1cc(=O)c2c(OCC(O)COc3cccc4oc(C(=O)O)cc(=O)c34)cccc2o1
Crotamiton,CC=CC(=O)N(CC)c1ccccc1C
Cyclacillin,CC1(C)S[C@@H]2[C@H](NC(=O)C3(N)CCCCC3)C(=O)N2[C@H]1C(=O)O
Cyclandelate,CC1CC(OC(=O)C(O)c2ccccc2)CC(C)(C)C1
Cyclizine,CN1CCN(C(c2ccccc2)c2ccccc2)CC1
Cyclobenzaprine,CN(C)CCC=C1c2ccccc2C=Cc2ccccc21
Cyclopentolate,CN(C)CCOC(=O)C(c1ccccc1)C1(O)CCCC1
Cyclophosphamide,O=P1(N(CCCl)CCCl)NCCCO1
Cycloserine,N[C@@H]1CONC1=O
Cyclothiazide,NS(=O)(=O)c1cc2c(cc1Cl)NC(C1CC3C=CC1C3)NS2(=O)=O
Cycrimine,OC(CCN1CCCCC1)(c1ccccc1)C1CCCC1
Cyproheptadine,CN1CCC(=C2c3ccccc3C=Cc3ccccc32)CC1
Cyproterone,CC(=O)[C@@]1(O)CC[C@H]2[C@@H]3C=C(Cl)C4=CC(=O)[C@@H]5C[C@@H]5[C@]4(C)[C@H]3CC[C@@]21C
Cytarabine,Nc1ccn([C@@H]2O[C@H](CO)[C@@H](O)[C@@H]2O)c(=O)n1
Dabigatran,CCCCCCOC(=O)N=C(N)c1ccc(NCc2nc3cc(C(=O)N(CCC(=O)OCC)c4ccccn4)ccc3n2C)cc1
Dabrafenib,CC(C)(C)c1nc(-c2cccc(NS(=O)(=O)c3c(F)cccc3F)c2F)c(-c2ccnc(N)n2)s1
Dacarbazine,CN(C)N=Nc1[nH]cnc1C(N)=O
Dalfampridine,Nc1ccncc1
Dalfopristin,CCN(CC)CCS(=O)(=O)[C@@H]1CCN2C(=O)c3coc(n3)CC(=O)C[C@H](O)/C=C(C)\C=C/CNC(=O)/C=C\[C@@H](C)[C@@H](C(C)C)OC(=O)C12
Danazol,C#C[C@]1(O)CC[C@H]2[C@@H]3CCC4=Cc5oncc5C[C@]4(C)[C@H]3CC[C@@]21C
Dantrolene,O=C1CN(N=Cc2ccc(-c3ccc([N+](=O)[O-])cc3)o2)C(=O)N1
Dapiprazole,Cc1ccccc1N1CCN(CCc2nnc3n2CCCC3)CC1
Dapsone,Nc1ccc(S(=O)(=O)c2ccc(N)cc2)cc1
Darifenacin,NC(=O)C(c1ccccc1)(c1ccccc1)[C@@H]1CCN(CCc2ccc3c(c2)CCO3)C1
Darunavir,CC(C)CN(C[C@@H](O)[C@H](Cc1ccccc1)NC(=O)O[C@H]1CO[C@H]2OCC[C@@H]12)S(=O)(=O)c1ccc(N)cc1
Dasatinib,Cc1nc(Nc2ncc(C(=O)Nc3c(C)cccc3Cl)s2)cc(N2CCN(CCO)CC2)n1
Daunorubicin,COc1cccc2c1C(=O)c1c(O)c3c(c(O)c1C2=O)C[C@@](O)(C(C)=O)C[C@@H]3O[C@H]1C[C@H](N)[C@H](O)[C@H](C)O1
Debrisoquin,N=C(N)N1CCc2ccccc2C1
Decamethonium,C[N+](C)(C)CCCCCCCCCC[N+](C)(C)C
Decitabine,Nc1ncn([C@H]2C[C@H](O)[C@@H](CO)O2)c(=O)n1
Deferasirox,O=C(O)c1ccc(-n2nc(-c3ccccc3O)nc2-c2ccccc2O)cc1
Deferiprone,Cc1c(O)c(=O)ccn1C
Deferoxamine,CC(=O)N(O)CCCCCNC(=O)CCC(=O)N(O)CCCCCNC(=O)CCC(=O)N(O)CCCCCN
Delavirdine,CC(C)Nc1cccnc1N1CCN(C(=O)c2cc3cc(NS(C)(=O)=O)ccc3[nH]2)CC1
Delorazepam,O=C1CN=C(c2ccccc2Cl)c2cc(Cl)ccc2N1
Demecarium,CN(CCCCCCCCCCN(C)C(=O)Oc1cccc([N+](C)(C)C)c1)C(=O)Oc1cccc([N+](C)(C)C)c1
Demeclocycline,CN(C)[C@@H]1C(O)=C(C(N)=O)C(=O)[C@@]2(O)C(O)=C3C(=O)c4c(O)ccc(Cl)c4[C@@H](O)[C@H]3C[C@@H]12
Deserpidine,COC(=O)[C@H]1[C@H]2C[C@@H]3c4[nH]c5ccccc5c4CCN3C[C@H]2C[C@@H](OC(=O)c2cc(OC)c(OC)c(OC)c2)[C@@H]1OC
Desflurane,FC(F)OC(F)C(F)(F)F
Desipramine,CNCCCN1c2ccccc2CCc2ccccc21
Desloratadine,Clc1ccc2c(c1)CCc1cccnc1C2=C1CCNCC1
Desogestrel,C#C[C@]1(O)CC[C@H]2[C@@H]3CCC4=CCCC[C@@H]4[C@H]3C(=C)C[C@@]21CC
Desonide,CC1(C)O[C@@H]2C[C@H]3[C@@H]4CCC5=CC(=O)C=C[C@]5(C)[C@H]4[C@@H](O)C[C@]3(C)[C@]2(C(=O)CO)O1
Desoximetasone,C[C@@H]1C[C@H]2[C@@H]3CCC4=CC(=O)C=C[C@]4(C)[C@@]3(F)[C@@H](O)C[C@]2(C)[C@H]1C(=O)CO
Desvenlafaxine,CN(C)CC(c1ccc(O)cc1)C1(O)CCCCC1
Dexamethasone,C[C@@H]1C[C@H]2[C@@H]3CCC4=CC(=O)C=C[C@]4(C)[C@@]3(F)[C@@H](O)C[C@]2(C)[C@@]1(O)C(=O)CO
Dexbrompheniramine,CN(C)CC[C@@H](c1ccc(Br)cc1)c1ccccn1
Dexfenfluramine,CCN[C@@H](C)Cc1cccc(C(F)(F)F)c1
Dexmedetomidine,Cc1cccc([C@H](C)c2c[nH]cn2)c1C
Dexmethylphenidate,COC(=O)[C@H](c1ccccc1)[C@H]1CCCCN1
Dexrazoxane,C[C@@H](CN1CC(=O)NC(=O)C1)N1CC(=O)NC(=O)C1
Dextroamphetamine,C[C@H](N)Cc1ccccc1
Dextromethorphan,COc1ccc2c(c1)[C@@]13CCCC[C@H]1[C@@H](C2)N(C)CC3
Dextrothyroxine,N[C@H](Cc1cc(I)c(Oc2cc(I)c(O)c(I)c2)c(I)c1)C(=O)O
Dezocine,C[C@@]12CCCCC[C@@H](Cc3ccc(O)cc31)[C@@H]2N
Diatrizoate,CC(=O)Nc1c(I)c(NC(C)=O)c(I)c(C(=O)O)c1I
Diazepam,CN1C(=O)CN=C(c2ccccc2)c2cc(Cl)ccc21
Dibucaine,CCCCOc1cc(C(=O)NCCN(CC)CC)c2ccccc2n1
Dichlorphenamide,NS(=O)(=O)c1cc(Cl)c(Cl)c(S(N)(=O)=O)c1
Diclofenac,O=C(O)Cc1ccccc1Nc1c(Cl)cccc1Cl
Dicloxacillin,Cc1onc(-c2c(Cl)cccc2Cl)c1C(=O)N[C@@H]1C(=O)N2[C@@H](C(=O)O)C(C)(C)S[C@H]12
Dicumarol,O=c1oc2ccccc2c(O)c1Cc1c(O)c2ccccc2oc1=O
Dicyclomine,CCN(CC)CCOC(=O)C1(C2CCCCC2)CCCCC1
Didanosine,O=c1nc[nH]c2c1ncn2[C@H]1CC[C@@H](CO)O1
Dienestrol,CC=C(C(=CC)c1ccc(O)cc1)c1ccc(O)cc1
Diethylcarbamazine,CCN(CC)C(=O)N1CCN(C)CC1
Diethylpropion,CCN(CC)C(C)C(=O)c1ccccc1
Diethylstilbestrol,CCC(=C(CC)c1ccc(O)cc1)c1ccc(O)cc1
Difenoxin,N#CC(CCN1CCC(C(=O)O)(c2ccccc2)CC1)(c1ccccc1)c1ccccc1
Diflorasone,C[C@H]1C[C@H]2[C@@H]3C[C@H](F)C4=CC(=O)C=C[C@]4(C)[C@@]3(F)[C@@H](O)C[C@]2(C)[C@@]1(O)C(=O)CO
Diflunisal,O=C(O)c1cc(-c2ccc(F)cc2F)ccc1O
Difluprednate,CCCC(=O)O[C@]1(C(=O)COC(C)=O)CC[C@H]2[C@@H]3C[C@H](F)C4=CC(=O)C=C[C@]4(C)[C@@]3(F)[C@@H](O)C[C@@]21C
Dihydrocodeine,COc1ccc2c3c1O[C@H]1[C@@H](O)CC[C@H]4[C@@H](C2)N(C)CC[C@]314
Dihydroergotoxine,CN1C[C@H](C(=O)N[C@]2(C)O[C@@]3(O)[C@@H]4CCCN4C(=O)[C@H](Cc4ccccc4)N3C2=O)CC2c3cccc4[nH]cc(c34)C[C@H]21
Dihydrotachysterol,CC(C)[C@@H](C)/C=C/[C@@H](C)[C@H]1CC[C@H]2/C(=C/C=C3\C[C@@H](O)CC[C@@H]3C)CCC[C@@]21C
Dihydroxyaluminium,NCC(=O)O[Al]
Diloxanide,CN(C(=O)C(Cl)Cl)c1ccc(OC(=O)c2ccco2)cc1
Diltiazem,COc1ccc([C@@H]2Sc3ccccc3N(CCN(C)C)C(=O)[C@@H]2OC(C)=O)cc1
Dimenhydrinate,C[NH+](C)CCOC(c1ccccc1)c1ccccc1
Dimercaprol,OCC(S)CS
Dimethindene,CC(C1=C(CCN(C)C)Cc2ccccc21)c1ccccn1
Dimethyl,CS(C)=O
Dinoprost,CCCCC[C@H](O)/C=C/[C@H]1[C@H](O)C[C@H](O)[C@@H]1C/C=C\CCCC(=O)O
Dinoprostone,CCCCC[C@H](O)/C=C/[C@H]1[C@H](O)CC(=O)[C@@H]1C/C=C\CCCC(=O)O
Diphemanil,C[N+]1(C)CCC(=C(c2ccccc2)c2ccccc2)CC1
Diphenhydramine,CN(C)CCOC(c1ccccc1)c1ccccc1
Diphenidol,OC(CCCN1CCCCC1)(c1ccccc1)c1ccccc1
Diphenoxylate,CCOC(=O)C1(c2ccccc2)CCN(CCC(C#N)(c2ccccc2)c2ccccc2)CC1
Diphenylpyraline,CN1CCC(OC(c2ccccc2)c2ccccc2)CC1
Dipivefrin,CNCC(O)c1ccc(OC(=O)C(C)(C)C)c(OC(=O)C(C)(C)C)c1
Dipyridamole,OCCN(CCO)c1nc(N2CCCCC2)c2nc(N(CCO)CCO)nc(N3CCCCC3)c2n1
Disopyramide,CC(C)N(CCC(C(N)=O)(c1ccccc1)c1ccccn1)C(C)C
Disulfiram,CCN(CC)C(=S)SSC(=S)N(CC)CC
Dobutamine,CC(CCc1ccc(O)cc1)NCCc1ccc(O)c(O)c1
Docosanol,CCCCCCCCCCCCCCCCCCCCCCO
Dofetilide,CN(CCOc1ccc(NS(C)(=O)=O)cc1)CCc1ccc(NS(C)(=O)=O)cc1
Dolasetron,O=C(OC1CC2CC3C[C@H](C1)N2CC3=O)c1c[nH]c2ccccc12
Domperidone,O=c1[nH]c2ccccc2n1CCCN1CCC(n2c(=O)[nH]c3cc(Cl)ccc32)CC1
Donepezil,COc1cc2c(cc1OC)C(=O)C(CC1CCN(Cc3ccccc3)CC1)C2
Dopamine,NCCc1ccc(O)c(O)c1
Dorzolamide,CCN[C@H]1C[C@H](C)S(=O)(=O)c2sc(S(N)(=O)=O)cc21
Doxapram,CCN1CC(CCN2CCOCC2)C(c2ccccc2)(c2ccccc2)C1=O
Doxazosin,COc1cc2nc(N3CCN(C(=O)C4COc5ccccc5O4)CC3)nc(N)c2cc1OC
Doxepin,CN(C)CCC=C1c2ccccc2COc2ccccc21
Doxorubicin,COc1cccc2c1C(=O)c1c(O)c3c(c(O)c1C2=O)C[C@@](O)(C(=O)CO)C[C@@H]3O[C@H]1C[C@H](N)[C@H](O)[C@H](C)O1
Doxycycline,C[C@H]1c2cccc(O)c2C(=O)C2=C(O)[C@]3(O)C(=O)C(C(N)=O)=C(O)[C@@H](N(C)C)[C@@H]3[C@@H](O)[C@@H]21
Doxylamine,CN(C)CCOC(C)(c1ccccc1)c1ccccn1
Dronabinol,CCCCCc1cc(O)c2c(c1)OC(C)(C)[C@@H]1CCC(C)=C[C@@H]21
Dronedarone,CCCCc1oc2ccc(NS(C)(=O)=O)cc2c1C(=O)c1ccc(OCCCN(CCCC)CCCC)cc1
Droperidol,O=C(CCCN1CC=C(n2c(=O)[nH]c3ccccc32)CC1)c1ccc(F)cc1
Drostanolone,C[C@@H]1C[C@@]2(C)[C@@H](CC[C@H]3[C@@H]4CC[C@H](O)[C@@]4(C)CC[C@@H]32)CC1=O
Drotaverine,CCOc1ccc(/C=C2\NCCc3cc(OCC)c(OCC)cc32)cc1OCC
Droxidopa,N[C@@H](C(=O)O)[C@@H](O)c1ccc(O)c(O)c1
Duloxetine,CNCC[C@H](Oc1cccc2ccccc12)c1cccs1
Dutasteride,C[C@]12CC[C@H]3[C@@H](CC[C@H]4NC(=O)C=C[C@]34C)[C@@H]1CC[C@@H]2C(=O)Nc1cc(C(F)(F)F)ccc1C(F)(F)F
Dyclonine,CCCCOc1ccc(C(=O)CCN2CCCCC2)cc1
Dydrogesterone,CC(=O)[C@H]1CC[C@H]2[C@@H]3C=CC4=CC(=O)CC[C@@]4(C)[C@@H]3CC[C@]12C
Dyphylline,Cn1c(=O)c2c(ncn2CC(O)CO)n(C)c1=O
Ecabet,CC(C)c1cc2c(cc1S(=O)(=O)O)[C@@]1(C)CCC[C@@](C)(C(=O)O)[C@@H]1CC2
Echothiophate,CCOP(=O)(OCC)SCC[N+](C)(C)C
Econazole,Clc1ccc(COC(Cn2ccnc2)c2ccc(Cl)cc2Cl)cc1
Edetic,O=C(O)CN(CCN(CC(=O)O)CC(=O)O)CC(=O)O
Edrophonium,CC[N+](C)(C)c1cccc(O)c1
Efavirenz,O=C1Nc2ccc(Cl)cc2[C@@](C#CC2CC2)(C(F)(F)F)O1
Eletriptan,CN1CCC[C@@H]1Cc1c[nH]c2ccc(CCS(=O)(=O)c3ccccc3)cc12
Eltrombopag,CC1=NN(c2ccc(C)c(C)c2)C(=O)/C1=N\Nc1cccc(-c2cccc(C(=O)O)c2)c1O
Emedastine,CCOCCn1c(N2CCCN(C)CC2)nc2ccccc21
Emtricitabine,Nc1nc(=O)n([C@@H]2CS[C@H](CO)O2)cc1F
Enalapril,CCOC(=O)[C@H](CCc1ccccc1)N[C@@H](C)C(=O)N1CCC[C@H]1C(=O)O
Encainide,COc1ccc(C(=O)Nc2ccccc2CCC2CCCCN2C)cc1
Enflurane,FC(F)OC(F)(F)C(F)Cl
Enoxacin,CCn1cc(C(=O)O)c(=O)c2cc(F)c(N3CCNCC3)nc21
Enoximone,CSc1ccc(C(=O)c2[nH]c(=O)[nH]c2C)cc1
Enprofylline,CCCn1c(=O)[nH]c(=O)c2[nH]cnc21
Entacapone,CCN(CC)C(=O)/C(C#N)=C/c1cc(O)c(O)c([N+](=O)[O-])c1
Entecavir,C=C1[C@@H](n2cnc3c(=O)nc(N)[nH]c32)C[C@H](O)[C@H]1CO
Enzalutamide,CNC(=O)c1ccc(N2C(=S)N(c3ccc(C#N)c(C(F)(F)F)c3)C(=O)C2(C)C)cc1F
Ephedrine,CN[C@@H](C)[C@H](O)c1ccccc1
Epinastine,NC1=NCC2c3ccccc3Cc3ccccc3N12
Epinephrine,CNC[C@H](O)c1ccc(O)c(O)c1
Epirubicin,COc1cccc2c1C(=O)c1c(O)c3c(c(O)c1C2=O)C[C@@](O)(C(=O)CO)C[C@@H]3O[C@H]1C[C@H](N)[C@@H](O)[C@H](C)O1
Eplerenone,COC(=O)[C@@H]1CC2=CC(=O)CC[C@]2(C)[C@@]23O[C@@H]2C[C@@]2(C)[C@@H](CC[C@@]24CCC(=O)O4)[C@H]13
Epoprostenol,CCCCC[C@H](O)/C=C/[C@H]1[C@H](O)C[C@@H]2OC(=CCCCC(=O)O)C[C@@H]21
Eprosartan,CCCCc1ncc(/C=C(\Cc2cccs2)C(=O)O)n1Cc1ccc(C(=O)O)cc1
Ergocalciferol,C=C1CC[C@H](O)C/C1=C/C=C1\CCC[C@@]2(C)[C@H]1CC[C@@H]2[C@H](C)/C=C/[C@H](C)C(C)C
Ergoloid,CC(C)[C@@]1(NC(=O)[C@@H]2C[C@@H]3c4cccc5[nH]cc(c45)C[C@H]3N(C)C2)O[C@@]2(O)[C@@H]3CCCN3C(=O)[C@H](C)N2C1=O
Ergonovine,C[C@@H](CO)NC(=O)[C@@H]1C=C2c3cccc4[nH]cc(c34)C[C@H]2N(C)C1
Ergotamine,CN1C[C@H](C(=O)N[C@]2(C)O[C@@]3(O)[C@@H]4CCCN4C(=O)[C@H](Cc4ccccc4)N3C2=O)C=C2c3cccc4[nH]cc(c34)C[C@H]21
Erlotinib,C#Cc1cccc(Nc2ncnc3cc(OCCOC)c(OCCOC)cc23)c1
Ertapenem,C[C@@H](O)[C@H]1C(=O)N2C(C(=O)O)=C(S[C@@H]3CN[C@H](C(=O)Nc4cccc(C(=O)O)c4)C3)[C@H](C)[C@H]12
Erythrityl,O=[N+]([O-])OC[C@H](O[N+](=O)[O-])[C@@H](CO[N+](=O)[O-])O[N+](=O)[O-]
Escitalopram,CN(C)CCC[C@@]1(c2ccc(F)cc2)OCc2cc(C#N)ccc21
Esmolol,COC(=O)CCc1ccc(OCC(O)CNC(C)C)cc1
Esomeprazole,COc1ccc2[nH]c([S@](=O)Cc3ncc(C)c(OC)c3C)nc2c1
Estazolam,Clc1ccc2c(c1)C(c1ccccc1)=NCc1nncn1-2
Estradiol,C[C@]12CC[C@@H]3c4ccc(O)cc4CC[C@H]3[C@@H]1CC[C@@H]2O
Estradiol,CCCCC(=O)O[C@H]1CC[C@H]2[C@@H]3CCc4cc(O)ccc4[C@H]3CC[C@]12C
Estramustine,C[C@]12CC[C@@H]3c4ccc(OC(=O)N(CCCl)CCCl)cc4CC[C@H]3[C@@H]1CC[C@@H]2O
Estriol,C[C@]12CC[C@@H]3c4ccc(O)cc4CC[C@H]3[C@@H]1C[C@@H](O)[C@@H]2O
Estrone,C[C@]12CC[C@@H]3c4ccc(O)cc4CC[C@H]3[C@@H]1CCC2=O
Estropipate,C[C@]12CC[C@@H]3c4ccc(OS(=O)(=O)O)cc4CC[C@H]3[C@@H]1CCC2=O
Eszopiclone,CN1CCN(C(=O)O[C@H]2c3nccnc3C(=O)N2c2ccc(Cl)cn2)CC1
Ethacrynic,C=C(CC)C(=O)c1ccc(OCC(=O)O)c(Cl)c1Cl
Ethambutol,CC[C@@H](CO)NCCN[C@@H](CC)CO
Ethanolamine,CCCCCCCC/C=C\CCCCCCCC(=O)O
Ethchlorvynol,C#CC(O)(C=CCl)CC
Ethinamate,C#CC1(OC(N)=O)CCCCC1
Ethinyl,C#C[C@]1(O)CC[C@H]2[C@@H]3CCc4cc(O)ccc4[C@H]3CC[C@@]21C
Ethionamide,CCc1cc(C(N)=S)ccn1
Ethopropazine,CCN(CC)C(C)CN1c2ccccc2Sc2ccccc21
Ethosuximide,CCC1(C)CC(=O)NC1=O
Ethotoin,CCN1C(=O)NC(c2ccccc2)C1=O
Ethoxzolamide,CCOc1ccc2nc(S(N)(=O)=O)sc2c1
Ethylmorphine,CCOc1ccc2c3c1O[C@H]1[C@@H](O)C=C[C@H]4[C@@H](C2)N(C)CC[C@]314
Ethynodiol,C#C[C@]1(OC(C)=O)CC[C@H]2[C@@H]3CCC4=C[C@@H](OC(C)=O)CC[C@@H]4[C@H]3CC[C@@]21C
Etidronic,CC(O)(P(=O)(O)O)P(=O)(O)O
Etodolac,CCc1cccc2c3c([nH]c12)C(CC)(CC(=O)O)OCC3
Etomidate,CCOC(=O)c1cncn1[C@H](C)c1ccccc1
Etonogestrel,C#C[C@]1(O)CC[C@H]2[C@@H]3CCC4=CC(=O)CC[C@@H]4[C@H]3C(=C)C[C@@]21CC
Etoricoxib,Cc1ccc(-c2ncc(Cl)cc2-c2ccc(S(C)(=O)=O)cc2)cn1
Exemestane,C=C1C[C@@H]2[C@H](CC[C@]3(C)C(=O)CC[C@@H]23)[C@@]2(C)C=CC(=O)C=C12
Ezetimibe,O=C1[C@H](CC[C@H](O)c2ccc(F)cc2)[C@@H](c2ccc(O)cc2)N1c1ccc(F)cc1
Ezogabine,CCOC(=O)Nc1ccc(NCc2ccc(F)cc2)cc1N
Famciclovir,CC(=O)OCC(CCn1cnc2cnc(N)nc21)COC(C)=O
Famotidine,NC(N)=Nc1nc(CSCCC(N)=NS(N)(=O)=O)cs1
Felbamate,NC(=O)OCC(COC(N)=O)c1ccccc1
Felodipine,CCOC(=O)C1=C(C)NC(C)=C(C(=O)OC)C1c1cccc(Cl)c1Cl
Fencamfamine,CCNC1C2CCC(C2)C1c1ccccc1
Fenofibrate,CC(C)OC(=O)C(C)(C)Oc1ccc(C(=O)c2ccc(Cl)cc2)cc1
Fenoldopam,Oc1ccc(C2CNCCc3c2cc(O)c(O)c3Cl)cc1
Fenoprofen,CC(C(=O)O)c1cccc(Oc2ccccc2)c1
Fenoterol,CC(Cc1ccc(O)cc1)NCC(O)c1cc(O)cc(O)c1
Fentanyl,CCC(=O)N(c1ccccc1)C1CCN(CCc2ccccc2)CC1
Fesoterodine,CC(C)C(=O)Oc1ccc(CO)cc1[C@H](CCN(C(C)C)C(C)C)c1ccccc1
Fexofenadine,CC(C)(C(=O)O)c1ccc(C(O)CCCN2CCC(C(O)(c3ccccc3)c3ccccc3)CC2)cc1
Finasteride,CC(C)(C)NC(=O)[C@H]1CC[C@H]2[C@@H]3CC[C@H]4NC(=O)C=C[C@]4(C)[C@H]3CC[C@]12C
Fingolimod,CCCCCCCCc1ccc(CCC(N)(CO)CO)cc1
Flavoxate,Cc1c(-c2ccccc2)oc2c(C(=O)OCCN3CCCCC3)cccc2c1=O
Flecainide,O=C(NCC1CCCCN1)c1cc(OCC(F)(F)F)ccc1OCC(F)(F)F
Floxuridine,O=c1[nH]c(=O)n([C@H]2C[C@H](O)[C@@H](CO)O2)cc1F
Flucloxacillin,Cc1onc(-c2c(F)cccc2Cl)c1C(=O)N[C@@H]1C(=O)N2[C@@H](C(=O)O)C(C)(C)S[C@H]12
Fluconazole,OC(Cn1cncn1)(Cn1cncn1)c1ccc(F)cc1F
Flucytosine,Nc1[nH]c(=O)ncc1F
Fludarabine,Nc1nc(F)nc2c1ncn2[C@@H]1O[C@H](COP(=O)(O)O)[C@@H](O)[C@@H]1O
Fludiazepam,CN1C(=O)CN=C(c2ccccc2F)c2cc(Cl)ccc21
Fludrocortisone,C[C@]12C[C@H](O)[C@@]3(F)[C@@H](CCC4=CC(=O)CC[C@@]43C)[C@@H]1CC[C@]2(O)C(=O)CO
Flumazenil,CCOC(=O)c1ncn2c1CN(C)C(=O)c1cc(F)ccc1-2
Flumethasone,C[C@@H]1C[C@H]2[C@@H]3C[C@H](F)C4=CC(=O)C=C[C@]4(C)[C@@]3(F)[C@@H](O)C[C@]2(C)[C@@]1(O)C(=O)COC(=O)C(C)(C)C
Flunarizine,Fc1ccc(C(c2ccc(F)cc2)N2CCN(C/C=C/c3ccccc3)CC2)cc1
Flunisolide,CC1(C)O[C@@H]2C[C@H]3[C@@H]4C[C@H](F)C5=CC(=O)C=C[C@]5(C)[C@H]4[C@@H](O)C[C@]3(C)[C@]2(C(=O)CO)O1
Flunitrazepam,CN1C(=O)CN=C(c2ccccc2F)c2cc([N+](=O)[O-])ccc21
Fluocinolone,CC1(C)O[C@@H]2C[C@H]3[C@@H]4C[C@H](F)C5=CC(=O)C=C[C@]5(C)[C@@]4(F)[C@@H](O)C[C@]3(C)[C@]2(C(=O)CO)O1
Fluorescein,O=C1OC2(c3ccc(O)cc3Oc3cc(O)ccc32)c2ccccc21
Fluorometholone,CC(=O)[C@@]1(O)CC[C@H]2[C@@H]3C[C@H](C)C4=CC(=O)C=C[C@]4(C)[C@@]3(F)[C@@H](O)C[C@@]21C
Fluorouracil,O=c1[nH]cc(F)c(=O)[nH]1
Fluoxetine,CNCCC(Oc1ccc(C(F)(F)F)cc1)c1ccccc1
Fluoxymesterone,C[C@]1(O)CC[C@H]2[C@@H]3CCC4=CC(=O)CC[C@]4(C)[C@@]3(F)[C@@H](O)C[C@@]21C
Flupenthixol,OCCN1CCN(CCC=C2c3ccccc3SC3C=CC(C(F)(F)F)=CC23)CC1
Fluphenazine,OCCN1CCN(CCCN2c3ccccc3Sc3ccc(C(F)(F)F)cc32)CC1
Flurandrenolide,CC1(C)O[C@@H]2C[C@H]3[C@@H]4C[C@H](F)C5=CC(=O)CC[C@]5(C)[C@H]4[C@@H](O)C[C@]3(C)[C@]2(C(=O)CO)O1
Flurazepam,CCN(CC)CCN1C(=O)CN=C(c2ccccc2F)c2cc(Cl)ccc21
Flurbiprofen,CC(C(=O)O)c1ccc(-c2ccccc2)c(F)c1
Fluspirilene,O=C1NCN(c2ccccc2)C12CCN(CCCC(c1ccc(F)cc1)c1ccc(F)cc1)CC2
Flutamide,CC(C)C(=O)Nc1ccc([N+](=O)[O-])c(C(F)(F)F)c1
Fluticasone,C[C@@H]1C[C@H]2[C@@H]3C[C@H](F)C4=CC(=O)C=C[C@]4(C)[C@@]3(F)[C@@H](O)C[C@]2(C)[C@@]1(OC(=O)c1ccco1)C(=O)SCF
Fluticasone,CCC(=O)O[C@]1(C(=O)SCF)[C@H](C)C[C@H]2[C@@H]3C[C@H](F)C4=CC(=O)C=C[C@]4(C)[C@@]3(F)[C@@H](O)C[C@@]21C
Fluvastatin,CC(C)n1c(/C=C/[C@H](O)C[C@H](O)CC(=O)O)c(-c2ccc(F)cc2)c2ccccc21
Fluvoxamine,COCCCCC(=NOCCN)c1ccc(C(F)(F)F)cc1
Folic,Nc1nc(=O)c2nc(CNc3ccc(C(=O)N[C@@H](CCC(=O)O)C(=O)O)cc3)cnc2[nH]1
Fomepizole,Cc1cn[nH]c1
Forasartan,CCCCc1nc(CCCC)n(Cc2ccc(-c3ccccc3-c3nn[nH]n3)nc2)n1
Formestane,C[C@]12CC[C@H]3[C@@H](CCC4=C(O)C(=O)CC[C@@]43C)[C@@H]1CCC2=O
Formoterol,COc1ccc(CC(C)NCC(O)c2ccc(O)c(NC=O)c2)cc1
Fosamprenavir,CC(C)CN(C[C@@H](OP(=O)(O)O)[C@H](Cc1ccccc1)NC(=O)O[C@H]1CCOC1)S(=O)(=O)c1ccc(N)cc1
Fosaprepitant,C[C@@H](O[C@H]1OCCN(Cc2nc(=O)n(P(=O)(O)O)[nH]2)[C@H]1c1ccc(F)cc1)c1cc(C(F)(F)F)cc(C(F)(F)F)c1
Foscarnet,O=C(O)P(=O)(O)O
Fosfomycin,C[C@@H]1O[C@@H]1P(=O)(O)O
Fosinopril,CCC(=O)OC(OP(=O)(CCCCc1ccccc1)CC(=O)N1C[C@H](C2CCCCC2)C[C@H]1C(=O)O)C(C)C
Fosphenytoin,O=C1NC(c2ccccc2)(c2ccccc2)C(=O)N1COP(=O)(O)O
Fospropofol,CC(C)c1cccc(C(C)C)c1OCOP(=O)(O)O
Frovatriptan,CN[C@@H]1CCc2[nH]c3ccc(C(N)=O)cc3c2C1
Fulvestrant,C[C@]12CC[C@@H]3c4ccc(O)cc4C[C@@H](CCCCCCCCCS(=O)CCCC(F)(F)C(F)(F)F)C3[C@@H]1CC[C@@H]2O
Furazolidone,O=C1OCCN1N=Cc1ccc([N+](=O)[O-])o1
Furosemide,NS(=O)(=O)c1cc(C(=O)O)c(NCc2ccco2)cc1Cl
Gabapentin,NCC1(CC(=O)O)CCCCC1
Gadobenate,O=C([O-])CN(CCN(CC(=O)[O-])CC(=O)O)CCN(CC(=O)O)C(COCc1ccccc1)C(=O)[O-]
Gadobutrol,O=C([O-])CN1CCN(CC(=O)[O-])CCN([C@H](CO)[C@H](O)CO)CCN(CC(=O)[O-])CC1
Gadodiamide,CNC(=O)CN(CCN(CCN(CC(=O)[O-])CC(=O)NC)CC(=O)[O-])CC(=O)[O-]
Gadofosveset,O=C([O-])CN(CCN(CC(=O)[O-])CC(COP(=O)([O-])OC1CCC(c2ccccc2)(c2ccccc2)CC1)N(CC(=O)[O-])CC(=O)[O-])CC(=O)[O-]
Gadopentetate,O=C([O-])CN(CCN(CC(=O)[O-])CC(=O)O)CCN(CC(=O)[O-])CC(=O)O
Gadoteridol,CC(O)CN1CCN(CC(=O)[O-])CCN(CC(=O)[O-])CCN(CC(=O)[O-])CC1
Gadoversetamide,COCCNC(=O)CN(CCN(CCN(CC(=O)[O-])CC(=O)NCCOC)CC(=O)[O-])CC(=O)[O-]
Gadoxetate,CCOc1ccc(CC(CN(CCN(CC(=O)[O-])CC(=O)[O-])CC(=O)[O-])N(CC(=O)[O-])CC(=O)[O-])cc1
Galantamine,COc1ccc2c3c1O[C@H]1C[C@@H](O)C=C[C@@]31CCN(C)C2
Gallamine,CC[N+](CC)(CC)CCOc1cccc(OCC[N+](CC)(CC)CC)c1OCC[N+](CC)(CC)CC
Gallium,O=[N+]([O-])[O-]
gamma-Homolinolenic,CCCCC/C=C\C/C=C\C/C=C\CCCCCCC(=O)O
Gamma,O=C([O-])CCCO
Ganciclovir,Nc1nc(=O)c2ncn(COC(CO)CO)c2[nH]1
Gatifloxacin,COc1c(N2CCNC(C)C2)c(F)cc2c(=O)c(C(=O)O)cn(C3CC3)c12
Gefitinib,COc1cc2ncnc(Nc3ccc(F)c(Cl)c3)c2cc1OCCCN1CCOCC1
Gemcitabine,Nc1ccn([C@@H]2O[C@H](CO)[C@@H](O)C2(F)F)c(=O)n1
Gemfibrozil,Cc1ccc(C)c(OCCCC(C)(C)C(=O)O)c1
Gemifloxacin,CO/N=C1\CN(c2nc3c(cc2F)c(=O)c(C(=O)O)cn3C2CC2)CC1CN
Gentamicin,CNC(C)C1CCC(N)C(OC2C(N)CC(N)C(OC3OCC(C)(O)C(NC)C3O)C2O)O1
Gentian,CN(C)c1ccc(C(=C2C=CC(=[N+](C)C)C=C2)c2ccc(N(C)C)cc2)cc1
Gestodene,C#C[C@]1(O)C=C[C@H]2[C@@H]3CCC4=CC(=O)CC[C@@H]4[C@H]3CC[C@@]21CC
Gliclazide,Cc1ccc(S(=O)(=O)NC(=O)NN2CC3CCCC3C2)cc1
Glimepiride,CCC1=C(C)CN(C(=O)NCCc2ccc(S(=O)(=O)NC(=O)NC3CCC(C)CC3)cc2)C1=O
Glipizide,Cc1cnc(C(=O)NCCc2ccc(S(=O)(=O)NC(=O)NC3CCCCC3)cc2)cn1
Gliquidone,COc1ccc2c(c1)C(=O)N(CCc1ccc(S(=O)(=O)NC(=O)NC3CCCCC3)cc1)C(=O)C2(C)C
Glisoxepide,Cc1cc(C(=O)NCCc2ccc(S(=O)(=O)NC(=O)NN3CCCCCC3)cc2)no1
Glucosamine,N[C@H]1C(O)O[C@H](CO)[C@@H](O)[C@@H]1O
Glutathione,N[C@@H](CCC(=O)N[C@@H](CS)C(=O)NCC(=O)O)C(=O)O
Glutethimide,CCC1(c2ccccc2)CCC(=O)NC1=O
Glyburide,COc1ccc(Cl)cc1C(=O)NCCc1ccc(S(=O)(=O)NC(=O)NC2CCCCC2)cc1
Glycerol,O=C(CCCc1ccccc1)OCC(COC(=O)CCCc1ccccc1)OC(=O)CCCc1ccccc1
Glycine,NCC(=O)O
Glycodiazine,COCCOc1cnc(NS(=O)(=O)c2ccccc2)nc1
Glycopyrrolate,C[N+]1(C)CCC(OC(=O)C(O)(c2ccccc2)C2CCCC2)C1
Granisetron,CN1C2CCCC1CC(NC(=O)c1nn(C)c3ccccc13)C2
Grepafloxacin,Cc1c(F)c(N2CCNC(C)C2)cc2c1c(=O)c(C(=O)O)cn2C1CC1
Griseofulvin,COC1=CC(=O)C[C@@H](C)[C@]12Oc1c(Cl)c(OC)cc(OC)c1C2=O
Guaifenesin,COc1ccccc1OCC(O)CO
Guanabenz,NC(N)=NN=Cc1c(Cl)cccc1Cl
Guanadrel,NC(N)=NCC1COC2(CCCCC2)O1
Guanethidine,NC(N)=NCCN1CCCCCCC1
Guanfacine,N=C(N)NC(=O)Cc1c(Cl)cccc1Cl
Guanidine,N=C(N)N
Halazepam,O=C1CN=C(c2ccccc2)c2cc(Cl)ccc2N1CC(F)(F)F
Halobetasol,CCC(=O)O[C@]1(C(=O)CCl)[C@@H](C)CC2C3C[C@H](F)C4=CC(=O)C=CC4(C)[C@@]3(F)C(O)CC21C
Halofantrine,CCCCN(CCCC)CCC(O)c1cc2c(Cl)cc(Cl)cc2c2cc(C(F)(F)F)ccc12
Haloperidol,O=C(CCCN1CCC(O)(c2ccc(Cl)cc2)CC1)c1ccc(F)cc1
Haloprogin,Clc1cc(Cl)c(OCC#CI)cc1Cl
Halothane,FC(F)(F)C(Cl)Br
Heptabarbital,CCC1(C2=CCCCCC2)C(=O)NC(=O)NC1=O
Heroin,CC(=O)Oc1ccc2c3c1O[C@H]1[C@@H](OC(C)=O)C=C[C@H]4[C@@H](C2)N(C)CC[C@]314
Hesperetin,COc1ccc([C@@H]2CC(=O)c3c(O)cc(O)cc3O2)cc1O
Hetacillin,CC1(C)S[C@@H]2[C@H](N3C(=O)[C@@H](c4ccccc4)NC3(C)C)C(=O)N2[C@H]1C(=O)O
Hexachlorophene,Oc1c(Cl)cc(Cl)c(Cl)c1Cc1c(O)c(Cl)cc(Cl)c1Cl
Hexafluronium,C[N+](C)(CCCCCC[N+](C)(C)C1c2ccccc2-c2ccccc21)C1c2ccccc2-c2ccccc21
Hexobarbital,CN1C(=O)NC(=O)C(C)(C2=CCCCC2)C1=O
Hexylcaine,CC(CNC1CCCCC1)OC(=O)c1ccccc1
Histamine,NCCc1cnc[nH]1
Homatropine,C[N+]1(C)C2CCC1CC(OC(=O)C(O)c1ccccc1)C2
Homoharringtonine,COC(=O)CC(O)(CCCC(C)(C)O)C(=O)O[C@@H]1C(OC)=C[C@]23CCCN2CCc2cc4c(cc2[C@@H]13)OCO4
Hydralazine,NNc1nncc2ccccc12
Hydrochlorothiazide,NS(=O)(=O)c1cc2c(cc1Cl)NCNS2(=O)=O
Hydrocodone,COc1ccc2c3c1O[C@H]1C(=O)CC[C@H]4[C@@H](C2)N(C)CC[C@]314
Hydrocortamate,CCN(CC)CC(=O)OCC(=O)[C@@]1(O)CC[C@H]2[C@@H]3CCC4=CC(=O)CC[C@]4(C)[C@H]3[C@@H](O)C[C@@]21C
Hydrocortisone,C[C@]12C[C@H](O)[C@H]3[C@@H](CCC4=CC(=O)CC[C@@]43C)[C@@H]1CC[C@]2(O)C(=O)CO
Hydroflumethiazide,NS(=O)(=O)c1cc2c(cc1C(F)(F)F)NCNS2(=O)=O
Hydromorphone,CN1CC[C@]23c4c5ccc(O)c4O[C@H]2C(=O)CC[C@H]3[C@H]1C5
Hydroxychloroquine,CCN(CCO)CCCC(C)Nc1ccnc2cc(Cl)ccc12
Hydroxyproline,O=C(O)C1C[C@H](O)CN1
Hydroxystilbamidine,N=C(N)C1=CC(=O)/C(=C\C=c2ccc(=C(N)N)cc2)C=C1
Hydroxyurea,NC(=O)NO
Hydroxyzine,OCCOCCN1CCN(C(c2ccccc2)c2ccc(Cl)cc2)CC1
Hyoscyamine,CN1[C@H]2CC[C@@H]1C[C@H](OC(=O)[C@H](CO)c1ccccc1)C2
Ibandronate,CCCCCN(C)CCC(O)(P(=O)(O)O)P(=O)(O)O
Ibudilast,CC(C)C(=O)c1c(C(C)C)nn2ccccc12
Ibuprofen,CC(C)Cc1ccc(C(C)C(=O)O)cc1
Ibutilide,CCCCCCCN(CC)CCCC(O)c1ccc(NS(C)(=O)=O)cc1
Icosapent,CC/C=C\C/C=C\C/C=C\C/C=C\C/C=C\CCCC(=O)O
Icosapent,CC/C=C\C/C=C\C/C=C\C/C=C\C/C=C\CCCC(=O)OCC
Idarubicin,CC(=O)[C@]1(O)Cc2c(O)c3c(c(O)c2[C@@H](O[C@H]2C[C@H](N)[C@H](O)[C@H](C)O2)C1)C(=O)c1ccccc1C3=O
Idoxuridine,O=c1[nH]c(=O)n([C@H]2C[C@H](O)[C@@H](CO)O2)cc1I
Ifosfamide,O=P1(NCCCl)OCCCN1CCCl
Iloperidone,COc1cc(C(C)=O)ccc1OCCCN1CCC(c2noc3cc(F)ccc23)CC1
Iloprost,CC#CCC(C)C(O)/C=C/C1C(O)CC2C/C(=C/CCCC(=O)OCC(=O)c3ccccc3)CC21
Imatinib,Cc1ccc(NC(=O)c2ccc(CN3CCN(C)CC3)cc2)cc1Nc1nccc(-c2cccnc2)n1
Imipenem,C[C@@H](O)[C@H]1C(=O)N2C(C(=O)O)=C(SCC/N=C/N)C[C@H]12
Imipramine,CN(C)CCCN1c2ccccc2CCc2ccccc21
Imiquimod,CC(C)Cn1cnc2c(N)nc3ccccc3c21
Indacaterol,CCc1cc2c(cc1CC)CC(NC[C@H](O)c1ccc(O)c3[nH]c(=O)ccc13)C2
Indapamide,CC1Cc2ccccc2N1NC(=O)c1ccc(Cl)c(S(N)(=O)=O)c1
Indecainide,CC(C)NCCCC1(C(N)=O)c2ccccc2-c2ccccc21
Indinavir,CC(C)(C)NC(=O)[C@@H]1CN(Cc2cccnc2)CCN1C[C@@H](O)C[C@@H](Cc1ccccc1)C(=O)N[C@H]1c2ccccc2C[C@H]1O
Indomethacin,COc1ccc2c(c1)c(CC(=O)O)c(C)n2C(=O)c1ccc(Cl)cc1
Ingenol,C/C=C(/C)C(=O)O[C@H]1C(C)=C[C@]23C(=O)[C@@H](C=C(CO)[C@@H](O)[C@]12O)[C@H]1[C@@H](C[C@H]3C)C1(C)C
Iobenguane,NC(N)=NCc1cccc(I)c1
Iodipamide,O=C(CCCCC(=O)Nc1c(I)cc(I)c(C(=O)O)c1I)Nc1c(I)cc(I)c(C(=O)O)c1I
Ioflupane,COC(=O)[C@@H]1C2CCC(C[C@@H]1c1ccc(I)cc1)N2CCCF
Iohexol,CC(=O)N(CC(O)CO)c1c(I)c(C(=O)NCC(O)CO)c(I)c(C(=O)NCC(O)CO)c1I
Iophendylate,CCOC(=O)CCCCCCCCC(C)c1ccccc1I
Ipratropium,CC(C)[N@+]1(C)[C@H]2CC[C@@H]1C[C@H](OC(=O)C(CO)c1ccccc1)C2
Irbesartan,CCCCC1=NC2(CCCC2)C(=O)N1Cc1ccc(-c2ccccc2-c2nn[nH]n2)cc1
Irinotecan,CCc1c2c(nc3ccc(OC(=O)N4CCC(N5CCCCC5)CC4)cc13)-c1cc3c(c(=O)n1C2)COC(=O)[C@]3(O)CC
Isocarboxazid,Cc1cc(C(=O)NNCc2ccccc2)no1
Isoetharine,CCC(NC(C)C)C(O)c1ccc(O)c(O)c1
Isoflurane,FC(F)OC(Cl)C(F)(F)F
Isoflurophate,CC(C)OP(=O)(F)OC(C)C
Isometheptene,CNC(C)CCC=C(C)C
Isoniazid,NNC(=O)c1ccncc1
Isopropamide,CC(C)[N+](C)(CCC(C(N)=O)(c1ccccc1)c1ccccc1)C(C)C
Isoproterenol,CC(C)NCC(O)c1ccc(O)c(O)c1
Isosorbide,O=[N+]([O-])O[C@H]1CO[C@H]2[C@@H]1OC[C@H]2O[N+](=O)[O-]
Isosorbide,O=[N+]([O-])O[C@@H]1CO[C@@H]2[C@@H](O)CO[C@H]12
Isothipendyl,CC(CN1c2ccccc2Sc2cccnc21)N(C)C
Isotretinoin,CC1=C(/C=C/C(C)=C/C=C/C(C)=C\C(=O)O)C(C)(C)CCC1
Isradipine,COC(=O)C1=C(C)NC(C)=C(C(=O)OC(C)C)C1c1cccc2nonc12
Itraconazole,CCC(C)n1ncn(-c2ccc(N3CCN(c4ccc(OC[C@H]5CO[C@](Cn6cncn6)(c6ccc(Cl)cc6Cl)O5)cc4)CC3)cc2)c1=O
Ivacaftor,CC(C)(C)c1cc(C(C)(C)C)c(NC(=O)c2c[nH]c3ccccc3c2=O)cc1O
Ixabepilone,C/C(=C\c1csc(C)n1)[C@@H]1C[C@@H]2O[C@]2(C)CCC[C@H](C)[C@H](O)[C@H](C)C(=O)C(C)(C)[C@H](O)CC(=O)N1
Ketamine,CNC1(c2ccccc2Cl)CCCCC1=O
Ketazolam,CC1=CC(=O)N2CC(=O)N(C)c3ccc(Cl)cc3C2(c2ccccc2)O1
Ketoconazole,CC(=O)N1CCN(c2ccc(OCC3COC(Cn4ccnc4)(c4ccc(Cl)cc4Cl)O3)cc2)CC1
Ketoprofen,CC(C(=O)O)c1cccc(C(=O)c2ccccc2)c1
Ketorolac,O=C(c1ccccc1)c1ccc2n1CCC2C(=O)O
Ketotifen,CN1CCC(=C2c3ccccc3CC(=O)c3sccc32)CC1
L-Alanine,C[C@H](N)C(=O)O
L-Arginine,N=C(N)NCCC[C@H](N)C(=O)O
L-Asparagine,NC(=O)C[C@H](N)C(=O)O
L-Aspartic,N[C@@H](CC(=O)O)C(=O)O
L-Carnitine,C[N+](C)(C)C[C@H](O)CC(=O)[O-]
L-Citrulline,NC(=O)NCCC[C@H](N)C(=O)O
L-Cysteine,N[C@@H](CS)C(=O)O
L-Cystine,N[C@@H](CSSC[C@H](N)C(=O)O)C(=O)O
L-Glutamic,N[C@@H](CCC(=O)O)C(=O)O
L-Glutamine,NC(=O)CC[C@H](N)C(=O)O
L-Histidine,N[C@@H](Cc1cnc[nH]1)C(=O)O
L-Isoleucine,CC[C@H](C)[C@H](N)C(=O)O
L-Leucine,CC(C)C[C@H](N)C(=O)O
L-Lysine,NCCCC[C@H](N)C(=O)O
L-Methionine,CSCC[C@H](N)C(=O)O
L-Ornithine,NCCC[C@H](N)C(=O)O
L-Phenylalanine,N[C@@H](Cc1ccccc1)C(=O)O
L-Proline,O=C(O)[C@@H]1CCCN1
L-Serine,N[C@@H](CO)C(=O)O
L-Threonine,C[C@@H](O)[C@H](N)C(=O)O
L-Tryptophan,N[C@@H](Cc1c[nH]c2ccccc12)C(=O)O
L-Tyrosine,N[C@@H](Cc1ccc(O)cc1)C(=O)O
L-Valine,CC(C)[C@H](N)C(=O)O
Labetalol,CC(CCc1ccccc1)NCC(O)c1ccc(O)c(C(N)=O)c1
Lacosamide,COC[C@@H](NC(C)=O)C(=O)NCc1ccccc1
Lactulose,OC[C@H]1O[C@](O)(CO)[C@@H](O)[C@@H]1O[C@@H]1O[C@H](CO)[C@H](O)[C@H](O)[C@H]1O
Lamivudine,Nc1ccn([C@@H]2CS[C@H](CO)O2)c(=O)n1
Lamotrigine,Nc1nnc(-c2cccc(Cl)c2Cl)c(N)n1
Lansoprazole,Cc1c(OCC(F)(F)F)ccnc1CS(=O)c1nc2ccccc2[nH]1
Lapatinib,CS(=O)(=O)CCNCc1ccc(-c2ccc3ncnc(Nc4ccc(OCc5cccc(F)c5)c(Cl)c4)c3c2)o1
Latamoxef,CO[C@@]1(NC(=O)C(C(=O)O)c2ccc(O)cc2)C(=O)N2C(C(=O)O)=C(CSc3nnnn3C)CO[C@@H]21
Latanoprost,CC(C)OC(=O)CCC/C=C\C[C@H]1[C@@H](O)C[C@@H](O)[C@@H]1CC[C@@H](O)CCc1ccccc1
Leflunomide,Cc1oncc1C(=O)Nc1ccc(C(F)(F)F)cc1
Lenalidomide,Nc1cccc2c1CN(C1CCC(=O)NC1=O)C2=O
Lercanidipine,COC(=O)C1=C(C)NC(C)=C(C(=O)OC(C)(C)CN(C)CCC(c2ccccc2)c2ccccc2)C1c1cccc([N+](=O)[O-])c1
Letrozole,N#Cc1ccc(C(c2ccc(C#N)cc2)n2cncn2)cc1
Leucovorin,Nc1nc(=O)c2c([nH]1)NCC(CNc1ccc(C(=O)N[C@H](CCC(=O)O)C(=O)O)cc1)N2C=O
Levallorphan,C=CCN1CC[C@]23CCCC[C@H]2[C@H]1Cc1ccc(O)cc13
Levamisole,c1ccc([C@H]2CN3CCSC3=N2)cc1
Levetiracetam,CC[C@H](C(N)=O)N1CCCC1=O
Levobunolol,CC(C)(C)NC[C@H](O)COc1cccc2c1CCCC2=O
Levobupivacaine,CCCCN1CCCC[C@H]1C(=O)Nc1c(C)cccc1C
Levocabastine,C[C@@H]1CN(C2CCC(C#N)(c3ccc(F)cc3)CC2)CC[C@]1(C(=O)O)c1ccccc1
Levodopa,N[C@@H](Cc1ccc(O)c(O)c1)C(=O)O
Levofloxacin,C[C@H]1COc2c(N3CCN(C)CC3)c(F)cc3c(=O)c(C(=O)O)cn1c23
Levomethadyl,CC[C@H](OC(C)=O)C(C[C@H](C)N(C)C)(c1ccccc1)c1ccccc1
Levomilnacipran,CCN(CC)C(=O)[C@@]1(c2ccccc2)C[C@H]1CN
Levonordefrin,C[C@H](N)[C@H](O)c1ccc(O)c(O)c1
Levonorgestrel,C#C[C@]1(O)CC[C@H]2[C@@H]3CCC4=CC(=O)CC[C@@H]4[C@H]3CC[C@@]21CC
Levorphanol,CN1CC[C@]23CCCC[C@H]2[C@H]1Cc1ccc(O)cc13
Levosimendan,C[C@@H]1CC(=O)NN=C1c1ccc(NN=C(C#N)C#N)cc1
Levothyroxine,N[C@@H](Cc1cc(I)c(Oc2cc(I)c(O)c(I)c2)c(I)c1)C(=O)O
Lidocaine,CCN(CC)CC(=O)Nc1c(C)cccc1C
Linagliptin,CC#CCn1c(N2CCC[C@@H](N)C2)nc2c1c(=O)n(Cc1nc(C)c3ccccc3n1)c(=O)n2C
Lincomycin,CCC[C@@H]1CC(C(=O)N[C@H]([C@@H](C)O)[C@H]2O[C@H](SC)[C@H](O)[C@@H](O)[C@H]2O)N(C)C1
Lindane,Cl[C@H]1[C@H](Cl)[C@@H](Cl)[C@@H](Cl)[C@H](Cl)[C@H]1Cl
Linezolid,CC(=O)NC[C@H]1CN(c2ccc(N3CCOCC3)c(F)c2)C(=O)O1
Liothyronine,N[C@@H](Cc1cc(I)c(Oc2ccc(O)c(I)c2)c(I)c1)C(=O)O
Liotrix,N[C@@H](Cc1cc(I)c(Oc2cc(I)c(O)c(I)c2)c(I)c1)C(=O)[O-]
Lipoic,O=C(O)CCCCC1CCSS1
Lisdexamfetamine,C[C@@H](Cc1ccccc1)NC(=O)[C@@H](N)CCCCN
Lisinopril,NCCCC[C@H](N[C@@H](CCc1ccccc1)C(=O)O)C(=O)N1CCC[C@H]1C(=O)O
Lisuride,CCN(CC)C(=O)N[C@H]1C=C2c3cccc4[nH]cc(c34)C[C@H]2N(C)C1
Lithium,[Li+]
Lofexidine,CC(Oc1c(Cl)cccc1Cl)C1=NCCN1
Lomefloxacin,CCn1cc(C(=O)O)c(=O)c2cc(F)c(N3CCNC(C)C3)c(F)c21
Lomustine,O=NN(CCCl)C(=O)NC1CCCCC1
Loperamide,CN(C)C(=O)C(CCN1CCC(O)(c2ccc(Cl)cc2)CC1)(c1ccccc1)c1ccccc1
Lopinavir,Cc1cccc(C)c1OCC(=O)N[C@@H](Cc1ccccc1)[C@@H](O)C[C@H](Cc1ccccc1)NC(=O)[C@H](C(C)C)N1CCCNC1=O
Loracarbef,N[C@@H](C(=O)N[C@@H]1C(=O)N2C(C(=O)O)=C(Cl)CC[C@H]12)c1ccccc1
Loratadine,CCOC(=O)N1CCC(=C2c3ccc(Cl)cc3CCc3cccnc32)CC1
Lorazepam,O=C1Nc2ccc(Cl)cc2C(c2ccccc2Cl)=NC1O
Lornoxicam,CN1/C(=C(/O)Nc2ccccn2)C(=O)c2sc(Cl)cc2S1(=O)=O
Losartan,CCCCc1nc(Cl)c(CO)n1Cc1ccc(-c2ccccc2-c2nn[nH]n2)cc1
Loteprednol,C[C@]12C[C@H](O)[C@H]3[C@@H](CCC4=CC(=O)C=C[C@@]43C)[C@@H]1CC[C@]2(O)C(=O)OCCl
Lovastatin,CC[C@H](C)C(=O)O[C@H]1C[C@@H](C)C=C2C=C[C@H](C)[C@H](CC[C@@H]3C[C@@H](O)CC(=O)O3)[C@H]21
Loxapine,CN1CCN(C2=Nc3ccccc3Oc3ccc(Cl)cc32)CC1
Lubiprostone,CCCCC(F)(F)[C@@]1(O)CC[C@@H]2[C@H](CCCCCCC(=O)O)C(=O)C[C@H]2O1
Lucanthone,CCN(CC)CCNc1ccc(C)c2sc3ccccc3c(=O)c12
Lumefantrine,CCCCN(CCCC)CC(O)c1cc(Cl)cc2c1-c1ccc(Cl)cc1/C2=C/c1ccc(Cl)cc1
Lumiracoxib,Cc1ccc(Nc2c(F)cccc2Cl)c(CC(=O)O)c1
Lurasidone,O=C1[C@H]2[C@@H]3CC[C@@H](C3)[C@H]2C(=O)N1C[C@@H]1CCCC[C@H]1CN1CCN(c2nsc3ccccc23)CC1
Lymecycline,CN(C)[C@@H]1C(O)=C(C(=O)NCNCCCC[C@H](N)C(=O)O)C(=O)[C@@]2(O)C(O)=C3C(=O)c4c(O)cccc4[C@@](C)(O)[C@H]3C[C@@H]12
Magnesium,O=[Mg]
Magnesium,O=C([O-])c1ccccc1O
Magnesium,O=S(=O)([O-])[O-]
Malathion,CCOC(=O)CC(SP(=S)(OC)OC)C(=O)OCC
Mannitol,OC[C@@H](O)[C@@H](O)[C@H](O)[C@H](O)CO
Maprotiline,CNCCCC12CCC(c3ccccc31)c1ccccc12
Maraviroc,Cc1nnc(C(C)C)n1C1C[C@@H]2CC[C@H](C1)N2CC[C@H](NC(=O)C1CCC(F)(F)CC1)c1ccccc1
Marimastat,CNC(=O)[C@@H](NC(=O)[C@H](CC(C)C)[C@H](O)C(=O)NO)C(C)(C)C
Masoprocol,C[C@@H](Cc1ccc(O)c(O)c1)[C@H](C)Cc1ccc(O)c(O)c1
Mazindol,OC1(c2ccc(Cl)cc2)c2ccccc2C2=NCCN21
Mebendazole,COC(=O)Nc1nc2ccc(C(=O)c3ccccc3)cc2[nH]1
Mecamylamine,CNC1(C)C2CCC(C2)C1(C)C
Mechlorethamine,CN(CCCl)CCCl
Meclizine,Cc1cccc(CN2CCN(C(c3ccccc3)c3ccc(Cl)cc3)CC2)c1
Meclofenamic,Cc1ccc(Cl)c(Nc2ccccc2C(=O)O)c1Cl
Medroxyprogesterone,CC(=O)[C@@]1(O)CC[C@H]2[C@@H]3C[C@H](C)C4=CC(=O)CC[C@]4(C)[C@H]3CC[C@@]21C
Medrysone,CC(=O)[C@H]1CC[C@H]2[C@@H]3C[C@H](C)C4=CC(=O)CC[C@]4(C)[C@H]3[C@@H](O)C[C@]12C
Mefenamic,Cc1cccc(Nc2ccccc2C(=O)O)c1C
Mefloquine,OC(c1cc(C(F)(F)F)nc2c(C(F)(F)F)cccc12)C1CCCCN1
Megestrol,CC(=O)[C@@]1(O)CC[C@H]2[C@@H]3C=CC4=CC(=O)CC[C@]4(C)[C@H]3CC[C@@]21C
Melatonin,COc1ccc2[nH]cc(CCNC(C)=O)c2c1
Meloxicam,Cc1cnc(NC(=O)C2=C(O)c3ccccc3S(=O)(=O)N2C)s1
Melphalan,N[C@@H](Cc1ccc(N(CCCl)CCCl)cc1)C(=O)O
Memantine,CC12CC3CC(C)(C1)CC(N)(C3)C2
Menadione,CC1=CC(=O)c2ccccc2C1=O
Menthol,CC(C)[C@@H]1CC[C@@H](C)C[C@H]1O
Mepenzolate,C[N+]1(C)CCCC(OC(=O)C(O)(c2ccccc2)c2ccccc2)C1
Meperidine,CCOC(=O)C1(c2ccccc2)CCN(C)CC1
Mephentermine,CNC(C)(C)Cc1ccccc1
Mephenytoin,CCC1(c2ccccc2)NC(=O)N(C)C1=O
Mepivacaine,Cc1cccc(C)c1NC(=O)C1CCCCN1C
Meprobamate,CCCC(C)(COC(N)=O)COC(N)=O
Mepyramine,COc1ccc(CN(CCN(C)C)c2ccccn2)cc1
Mequitazine,c1ccc2c(c1)Sc1ccccc1N2CC1CN2CCC1CC2
Mercaptopurine,S=c1nc[nH]c2nc[nH]c12
Meropenem,C[C@@H](O)[C@H]1C(=O)N2C(C(=O)O)=C(S[C@@H]3CN[C@H](C(=O)N(C)C)C3)[C@H](C)[C@H]12
Mesalazine,Nc1ccc(O)c(C(=O)O)c1
Mesoridazine,CN1CCCCC1CCN1c2ccccc2Sc2ccc(S(C)=O)cc21
Mestranol,C#C[C@]1(O)CC[C@H]2[C@@H]3CCc4cc(OC)ccc4[C@H]3CC[C@@]21C
Metaraminol,C[C@H](N)[C@H](O)c1cccc(O)c1
Metaxalone,Cc1cc(C)cc(OCC2CNC(=O)O2)c1
Metformin,CN(C)C(=N)NC(=N)N
Methacholine,CC(=O)OC(C)C[N+](C)(C)C
Methacycline,C=C1c2cccc(O)c2C(=O)C2=C(O)[C@]3(O)C(=O)C(C(N)=O)C(=O)[C@@H](N(C)C)[C@@H]3[C@@H](O)[C@H]12
Methadone,CCC(=O)C(CC(C)N(C)C)(c1ccccc1)c1ccccc1
Methadyl,CCC(OC(C)=O)C(CC(C)N(C)C)(c1ccccc1)c1ccccc1
Methamphetamine,CN[C@@H](C)Cc1ccccc1
Methantheline,CC[N+](C)(CC)CCOC(=O)C1c2ccccc2Oc2ccccc21
Metharbital,CCC1(CC)C(=O)NC(=O)N(C)C1=O
Methazolamide,CC(=O)/N=c1\sc(S(N)(=O)=O)nn1C
Methdilazine,CN1CCC(CN2c3ccccc3Sc3ccccc32)C1
Methimazole,Cn1cc[nH]c1=S
Methocarbamol,COc1ccccc1OCC(O)COC(N)=O
Methohexital,C=CCC1(C(C)C#CCC)C(=O)NC(=O)N(C)C1=O
Methotrexate,CN(Cc1cnc2nc(N)nc(N)c2n1)c1ccc(C(=O)N[C@@H](CCC(=O)O)C(=O)O)cc1
Methotrimeprazine,COc1ccc2c(c1)N(C[C@H](C)CN(C)C)c1ccccc1S2
Methoxamine,COc1ccc(OC)c(C(O)C(C)N)c1
Methoxsalen,COc1c2occc2cc2ccc(=O)oc12
Methoxyflurane,COC(F)(F)C(Cl)Cl
Methsuximide,CN1C(=O)CC(C)(c2ccccc2)C1=O
Methyclothiazide,CN1C(CCl)Nc2cc(Cl)c(S(N)(=O)=O)cc2S1(=O)=O
Methyl,COC(=O)CCC(=O)CN
Methyldopa,C[C@](N)(Cc1ccc(O)c(O)c1)C(=O)O
Methylergonovine,CC[C@@H](CO)NC(=O)[C@@H]1C=C2c3cccc4[nH]cc(c34)C[C@H]2N(C)C1
Methylnaltrexone,C[N+]1(CC2CC2)CC[C@]23c4c5ccc(O)c4O[C@H]2C(=O)CC[C@@]3(O)[C@H]1C5
Methylphenidate,COC(=O)C(c1ccccc1)C1CCCCN1
Methylphenobarbital,CCC1(c2ccccc2)C(=O)NC(=O)N(C)C1=O
Methylprednisolone,C[C@H]1C[C@H]2[C@@H]3CC[C@](O)(C(=O)CO)[C@@]3(C)C[C@H](O)[C@@H]2[C@@]2(C)C=CC(=O)C=C12
Methylscopolamine,C[N+]1(C)[C@H]2CC(OC(=O)[C@H](CO)c3ccccc3)C[C@H]1C1OC12
Methyltestosterone,C[C@]1(O)CC[C@H]2[C@@H]3CCC4=CC(=O)CC[C@]4(C)[C@H]3CC[C@@]21C
Methyprylon,CCC1(CC)C(=O)NCC(C)C1=O
Methysergide,CCC(CO)NC(=O)[C@@H]1C=C2c3cccc4c3c(cn4C)C[C@H]2N(C)C1
Meticillin,COc1cccc(OC)c1C(=O)N[C@@H]1C(=O)N2[C@@H](C(=O)O)C(C)(C)S[C@H]12
Metipranolol,CC(=O)Oc1c(C)cc(OCC(O)CNC(C)C)c(C)c1C
Metixene,CN1CCCC(CC2c3ccccc3Sc3ccccc32)C1
Metoclopramide,CCN(CC)CCNC(=O)c1cc(Cl)c(N)cc1OC
Metocurine,COc1ccc2cc1Oc1cc3c(cc1OC)CC[N+](C)(C)[C@H]3Cc1ccc(cc1)Oc1c(OC)c(OC)cc3c1[C@@H](C2)[N+](C)(C)CC3
Metocurine,COc1ccc2cc1Oc1cc3c(cc1OC)CC[N+](C)(C)[C@H]3Cc1ccc(cc1)Oc1c(OC)c(OC)cc3c1[C@@H](C2)[N+](C)(C)CC3
Metolazone,Cc1ccccc1N1C(=O)c2cc(S(N)(=O)=O)c(Cl)cc2NC1C
Metoprolol,COCCc1ccc(OCC(O)CNC(C)C)cc1
Metrizamide,CC(=O)Nc1c(I)c(C(=O)N[C@H]2C(O)O[C@H](CO)[C@@H](O)[C@@H]2O)c(I)c(N(C)C(C)=O)c1I
Metronidazole,Cc1ncc([N+](=O)[O-])n1CCO
Metyrapone,CC(C)(C(=O)c1cccnc1)c1cccnc1
Metyrosine,C[C@](N)(Cc1ccc(O)cc1)C(=O)O
Mexiletine,Cc1cccc(C)c1OCC(C)N
Mezlocillin,CC1(C)S[C@@H]2[C@H](NC(=O)[C@H](NC(=O)N3CCN(S(C)(=O)=O)C3=O)c3ccccc3)C(=O)N2[C@H]1C(=O)O
Mianserin,CN1CCN2c3ccccc3Cc3ccccc3C2C1
Miconazole,Clc1ccc(COC(Cn2ccnc2)c2ccc(Cl)cc2Cl)c(Cl)c1
Midazolam,Cc1ncc2n1-c1ccc(Cl)cc1C(c1ccccc1F)=NC2
Midodrine,COc1ccc(OC)c(C(O)CNC(=O)CN)c1
Mifepristone,CC#C[C@]1(O)CC[C@H]2[C@@H]3CCC4=CC(=O)CCC4=C3[C@@H](c3ccc(N(C)C)cc3)C[C@@]21C
Miglitol,OCCN1C[C@H](O)[C@@H](O)[C@H](O)[C@H]1CO
Miglustat,CCCCN1C[C@H](O)[C@@H](O)[C@H](O)[C@H]1CO
Milnacipran,CCN(CC)C(=O)[C@]1(c2ccccc2)C[C@@H]1CN
Milrinone,Cc1[nH]c(=O)c(C#N)cc1-c1ccncc1
Mimosine,N[C@@H](Cn1ccc(=O)c(O)c1)C(=O)O
Minaprine,Cc1cc(-c2ccccc2)nnc1NCCN1CCOCC1
Minocycline,CN(C)c1ccc(O)c2c1C[C@H]1C[C@H]3[C@H](N(C)C)C(O)=C(C(N)=O)C(=O)[C@@]3(O)C(O)=C1C2=O
Minoxidil,Nc1cc(N2CCCCC2)nc(N)[n+]1[O-]
Mirabegron,Nc1nc(CC(=O)Nc2ccc(CCNC[C@H](O)c3ccccc3)cc2)cs1
Mirtazapine,CN1CCN2c3ncccc3Cc3ccccc3C2C1
Misoprostol,CCCCC(C)(O)C/C=C/[C@H]1[C@H](O)CC(=O)[C@@H]1CCCCCCC(=O)OC
Mitiglinide,O=C(O)C(CC(=O)N1CC2CCCCC2C1)Cc1ccccc1
Mitomycin,CO[C@@]12[C@H](COC(N)=O)C3=C(C(=O)C(C)=C(N)C3=O)N1C[C@@H]1N[C@@H]12
Mitotane,Clc1ccc(C(c2ccccc2Cl)C(Cl)Cl)cc1
Mitoxantrone,O=C1c2c(O)ccc(O)c2C(=O)c2c(NCCNCCO)ccc(NCCNCCO)c21
Moclobemide,O=C(NCCN1CCOCC1)c1ccc(Cl)cc1
Modafinil,NC(=O)CS(=O)C(c1ccccc1)c1ccccc1
Moexipril,CCOC(=O)[C@H](CCc1ccccc1)N[C@@H](C)C(=O)N1Cc2cc(OC)c(OC)cc2C[C@H]1C(=O)O
Molindone,CCc1c(C)[nH]c2c1C(=O)C(CN1CCOCC1)CC2
Mometasone,C[C@@H]1C[C@H]2[C@@H]3CCC4=CC(=O)C=C[C@]4(C)[C@@]3(Cl)[C@@H](O)C[C@]2(C)[C@@]1(O)C(=O)CCl
Monobenzone,Oc1ccc(OCc2ccccc2)cc1
Montelukast,CC(C)(O)c1ccccc1CC[C@@H](SCC1(CC(=O)O)CC1)c1cccc(/C=C/c2ccc3ccc(Cl)cc3n2)c1
Moricizine,CCOC(=O)Nc1ccc2c(c1)N(C(=O)CCN1CCOCC1)c1ccccc1S2
Morphine,CN1CC[C@]23c4c5ccc(O)c4O[C@H]2[C@@H](O)C=C[C@H]3[C@H]1C5
Moxifloxacin,COc1c(N2C[C@@H]3CCCN[C@@H]3C2)c(F)cc2c(=O)c(C(=O)O)cn(C3CC3)c12
Mupirocin,C/C(=C\C(=O)OCCCCCCCCC(=O)O)C[C@@H]1OC[C@H](C[C@@H]2O[C@H]2[C@@H](C)[C@H](C)O)[C@@H](O)[C@H]1O
Mycophenolate,COc1c(C)c2c(c(O)c1C/C=C(\C)CCC(=O)OCCN1CCOCC1)C(=O)OC2
Mycophenolic,COc1c(C)c2c(c(O)c1C/C=C(\C)CCC(=O)O)C(=O)OC2
N-Acetyl-D-glucosamine,CC(=O)N[C@@H](C=O)[C@@H](O)[C@H](O)[C@H](O)CO
Nabilone,CCCCCCC(C)(C)c1cc(O)c2c(c1)OC(C)(C)[C@@H]1CCC(=O)C[C@@H]21
Nabumetone,COc1ccc2cc(CCC(C)=O)ccc2c1
Nadolol,CC(C)(C)NCC(O)COc1cccc2c1C[C@H](O)[C@H](O)C2
Nafcillin,CCOc1ccc2ccccc2c1C(=O)N[C@@H]1C(=O)N2[C@@H](C(=O)O)C(C)(C)S[C@H]12
Naftifine,CN(CC=Cc1ccccc1)Cc1cccc2ccccc12
Nalbuphine,Oc1ccc2c3c1O[C@H]1[C@@H](O)CC[C@@]4(O)[C@@H](C2)N(CC2CCC2)CC[C@]314
Nalidixic,CCn1cc(C(=O)O)c(=O)c2ccc(C)nc21
Naloxone,C=CCN1CC[C@]23c4c5ccc(O)c4O[C@H]2C(=O)CC[C@@]3(O)[C@H]1C5
Naltrexone,O=C1CC[C@@]2(O)[C@H]3Cc4ccc(O)c5c4[C@@]2(CCN3CC2CC2)[C@H]1O5
Nandrolone,CCCCCCCCCC(=O)O[C@H]1CC[C@H]2[C@@H]3CCC4=CC(=O)CC[C@@H]4[C@H]3CC[C@]12C
Nandrolone,C[C@]12CC[C@@H]3[C@H]4CCC(=O)C=C4CC[C@H]3[C@@H]1CC[C@@H]2OC(=O)CCc1ccccc1
Naphazoline,c1ccc2c(CC3=NCCN3)cccc2c1
Naproxen,COc1ccc2cc([C@H](C)C(=O)O)ccc2c1
Naratriptan,CNS(=O)(=O)CCc1ccc2[nH]cc(C3CCN(C)CC3)c2c1
Nateglinide,CC(C)C1CCC(C(=O)N[C@H](Cc2ccccc2)C(=O)O)CC1
Nebivolol,OC(CNCC(O)C1CCc2cc(F)ccc2O1)C1CCc2cc(F)ccc2O1
Nedocromil,CCCc1c2oc(C(=O)O)cc(=O)c2cc2c(=O)cc(C(=O)O)n(CC)c12
Nefazodone,CCc1nn(CCCN2CCN(c3cccc(Cl)c3)CC2)c(=O)n1CCOc1ccccc1
Nelarabine,COc1nc(N)nc2c1ncn2[C@@H]1O[C@H](CO)[C@@H](O)[C@@H]1O
Nelfinavir,Cc1c(O)cccc1C(=O)N[C@@H](CSc1ccccc1)[C@H](O)CN1C[C@H]2CCCC[C@H]2C[C@H]1C(=O)NC(C)(C)C
Neostigmine,CN(C)C(=O)Oc1cccc([N+](C)(C)C)c1
Nepafenac,NC(=O)Cc1cccc(C(=O)c2ccccc2)c1N
Netilmicin,CCN[C@@H]1C[C@H](N)[C@@H](O[C@H]2OC(CN)=CC[C@H]2N)[C@H](O)[C@H]1O[C@H]1OC[C@H](O)[C@@H](NC)[C@@]1(C)O
Nevirapine,Cc1ccnc2c1NC(=O)c1cccnc1N2C1CC1
Niacin,O=C(O)c1cccnc1
Nicardipine,COC(=O)C1=C(C)NC(C)=C(C(=O)OCCN(C)Cc2ccccc2)C1c1cccc([N+](=O)[O-])c1
Nicergoline,CO[C@]12C[C@@H](COC(=O)c3cncc(Br)c3)CN(C)[C@@H]1Cc1cn(C)c3cccc2c13
Niclosamide,O=C(Nc1ccc([N+](=O)[O-])cc1Cl)c1cc(Cl)ccc1O
Nicotine,CN1CCCC1c1cccnc1
Nifedipine,COC(=O)C1=C(C)NC(C)=C(C(=O)OC)C1c1ccccc1[N+](=O)[O-]
Niflumic,O=C(O)c1cccnc1Nc1cccc(C(F)(F)F)c1
Nilotinib,Cc1cn(-c2cc(NC(=O)c3ccc(C)c(Nc4nccc(-c5cccnc5)n4)c3)cc(C(F)(F)F)c2)cn1
Nilutamide,CC1(C)NC(=O)N(c2ccc([N+](=O)[O-])c(C(F)(F)F)c2)C1=O
Nilvadipine,COC(=O)C1=C(C#N)NC(C)=C(C(=O)OC(C)C)C1c1cccc([N+](=O)[O-])c1
Nimodipine,COCCOC(=O)C1=C(C)NC(C)=C(C(=O)OC(C)C)C1c1cccc([N+](=O)[O-])c1
Nisoldipine,COC(=O)C1=C(C)NC(C)=C(C(=O)OCC(C)C)C1c1ccccc1[N+](=O)[O-]
Nitazoxanide,CC(=O)Oc1ccccc1C(=O)Nc1ncc([N+](=O)[O-])s1
Nitisinone,O=C1CCCC(=O)C1C(=O)c1ccc(C(F)(F)F)cc1[N+](=O)[O-]
Nitrazepam,O=C1CN=C(c2ccccc2)c2cc([N+](=O)[O-])ccc2N1
Nitrendipine,CCOC(=O)C1=C(C)NC(C)=C(C(=O)OC)C1c1cccc([N+](=O)[O-])c1
Nitric,[N]=O
Nitrofurantoin,O=C1CN(/N=C\c2ccc([N+](=O)[O-])o2)C(=O)N1
Nitrofurazone,NC(=O)N/N=C/c1ccc([N+](=O)[O-])o1
Nitroglycerin,O=[N+]([O-])OCC(CO[N+](=O)[O-])O[N+](=O)[O-]
Nitroprusside,N#C[Fe-2](C#N)(C#N)(C#N)(C#N)N=O
Nitroxoline,O=[N+]([O-])c1ccc(O)c2ncccc12
Nizatidine,CN/C(=C\[N+](=O)[O-])NCCSCc1csc(CN(C)C)n1
Nonoxynol-9,CCCCCCCCCc1ccc(OCCOCCOCCOCCOCCOCCOCCOCCOCCO)cc1
Norelgestromin,C#CC1(O)CCC2C3CCC4=CC(=NO)CCC4C3CCC21CC
Norepinephrine,NC[C@H](O)c1ccc(O)c(O)c1
Norethindrone,C#C[C@]1(O)CC[C@H]2[C@@H]3CCC4=CC(=O)CC[C@@H]4[C@H]3CC[C@@]21C
Norfloxacin,CCn1cc(C(=O)O)c(=O)c2cc(F)c(N3CCNCC3)cc21
Norgestimate,C#C[C@]1(OC(C)=O)CC[C@H]2[C@@H]3CCC4=C/C(=N/O)CC[C@@H]4[C@H]3CC[C@@]21CC
Nortriptyline,CNCCC=C1c2ccccc2CCc2ccccc21
Novobiocin,CO[C@@H]1[C@@H](OC(N)=O)[C@@H](O)[C@H](Oc2ccc3c(O)c(NC(=O)c4ccc(O)c(CC=C(C)C)c4)c(=O)oc3c2C)OC1(C)C
Ofloxacin,CC1COc2c(N3CCN(C)CC3)c(F)cc3c(=O)c(C(=O)O)cn1c23
Olanzapine,Cc1cc2c(s1)Nc1ccccc1N=C2N1CCN(C)CC1
Olmesartan,CCCc1nc(C(C)(C)O)c(C(=O)O)n1Cc1ccc(-c2ccccc2-c2nnn[nH]2)cc1
Olopatadine,CN(C)CC/C=C1/c2ccccc2COc2ccc(CC(=O)O)cc21
Olsalazine,O=C(O)c1cc(/N=N/c2ccc(O)c(C(=O)O)c2)ccc1O
Omeprazole,COc1ccc2nc(S(=O)Cc3ncc(C)c(OC)c3C)[nH]c2c1
Ondansetron,Cc1nccn1CC1CCc2c(c3ccccc3n2C)C1=O
Orciprenaline,CC(C)NCC(O)c1cc(O)cc(O)c1
Orlistat,CCCCCCCCCCC[C@@H](C[C@@H]1OC(=O)[C@H]1CCCCCC)OC(=O)[C@H](CC(C)C)NC=O
Orphenadrine,Cc1ccccc1C(OCCN(C)C)c1ccccc1
Oseltamivir,CCOC(=O)C1=C[C@@H](OC(CC)CC)[C@H](NC(C)=O)[C@@H](N)C1
Ospemifene,OCCOc1ccc(/C(=C(/CCCl)c2ccccc2)c2ccccc2)cc1
Oxacillin,Cc1onc(-c2ccccc2)c1C(=O)N[C@@H]1C(=O)N2[C@@H](C(=O)O)C(C)(C)S[C@H]12
Oxaliplatin,O=C1O[Pt]2(N[C@@H]3CCCC[C@H]3N2)OC1=O
Oxamniquine,CC(C)NCC1CCc2cc(CO)c([N+](=O)[O-])cc2N1
Oxandrolone,C[C@]12COC(=O)C[C@@H]1CC[C@@H]1[C@@H]2CC[C@@]2(C)[C@H]1CC[C@]2(C)O
Oxaprozin,O=C(O)CCc1nc(-c2ccccc2)c(-c2ccccc2)o1
Oxazepam,O=C1Nc2ccc(Cl)cc2C(c2ccccc2)=NC1O
Oxcarbazepine,NC(=O)N1c2ccccc2CC(=O)c2ccccc21
Oxiconazole,Clc1ccc(CO/N=C(/Cn2ccnc2)c2ccc(Cl)cc2Cl)c(Cl)c1
Oxitriptan,N[C@@H](Cc1c[nH]c2ccc(O)cc12)C(=O)O
Oxprenolol,C=CCOc1ccccc1OCC(O)CNC(C)C
Oxtriphylline,Cn1c(=O)c2[n-]cnc2n(C)c1=O
Oxybenzone,COc1ccc(C(=O)c2ccccc2)c(O)c1
Oxybuprocaine,CCCCOc1cc(C(=O)OCCN(CC)CC)ccc1N
Oxybutynin,CCN(CC)CC#CCOC(=O)C(O)(c1ccccc1)C1CCCCC1
Oxycodone,COc1ccc2c3c1O[C@H]1C(=O)CC[C@@]4(O)[C@@H](C2)N(C)CC[C@]314
Oxymetazoline,Cc1cc(C(C)(C)C)c(O)c(C)c1CC1=NCCN1
Oxymorphone,CN1CC[C@]23c4c5ccc(O)c4O[C@H]2C(=O)CC[C@@]3(O)[C@H]1C5
Oxyphencyclimine,CN1CCCN=C1COC(=O)C(O)(c1ccccc1)C1CCCCC1
Oxyphenonium,CC[N+](C)(CC)CCOC(=O)C(O)(c1ccccc1)C1CCCCC1
Oxytetracycline,CN(C)[C@@H]1C(O)=C(C(N)=O)C(=O)[C@@]2(O)C(O)=C3C(=O)c4c(O)cccc4[C@@](C)(O)[C@H]3[C@H](O)[C@@H]12
Paliperidone,Cc1nc2n(c(=O)c1CCN1CCC(c3noc4cc(F)ccc34)CC1)CCCC2O
Palonosetron,O=C1c2cccc3c2[C@@H](CCC3)CN1[C@@H]1CN2CCC1CC2
Pamidronate,NCCC(O)(P(=O)(O)O)P(=O)(O)O
Pantoprazole,COc1ccnc(CS(=O)c2nc3ccc(OC(F)F)cc3[nH]2)c1OC
Papaverine,COc1ccc(Cc2nccc3cc(OC)c(OC)cc23)cc1OC
Paramethadione,CCC1(C)OC(=O)N(C)C1=O
Paramethasone,C[C@@H]1C[C@H]2[C@@H]3C[C@H](F)C4=CC(=O)C=C[C@]4(C)[C@H]3[C@@H](O)C[C@]2(C)[C@@]1(O)C(=O)CO
Pargyline,C#CCN(C)Cc1ccccc1
Paricalcitol,C[C@@H](/C=C/[C@@H](C)[C@H]1CC[C@H]2/C(=C/C=C3C[C@@H](O)C[C@H](O)C3)CCC[C@@]21C)C(C)(C)O
Paroxetine,Fc1ccc([C@@H]2CCNC[C@H]2COc2ccc3c(c2)OCO3)cc1
Pazopanib,Cc1ccc(Nc2nccc(N(C)c3ccc4c(C)n(C)nc4c3)n2)cc1S(N)(=O)=O
Pefloxacin,CCn1cc(C(=O)O)c(=O)c2cc(F)c(N3CCN(C)CC3)cc21
Pemetrexed,Nc1nc(=O)c2c(CCc3ccc(C(=O)N[C@H](CCC(=O)O)C(=O)O)cc3)c[nH]c2[nH]1
Pemirolast,Cc1cccn2c(=O)c(-c3nn[nH]n3)cnc12
Penbutolol,CC(C)(C)NC[C@H](O)COc1ccccc1C1CCCC1
Penciclovir,Nc1nc(=O)c2ncn(CCC(CO)CO)c2[nH]1
Penicillamine,CC(C)(S)C(N)C(=O)O
Penicillin,CC1(C)S[C@@H]2[C@H](NC(=O)Cc3ccccc3)C(=O)N2[C@H]1C(=O)O
Penicillin,CC1(C)S[C@@H]2[C@H](NC(=O)COc3ccccc3)C(=O)N2[C@H]1C(=O)O
Pentagastrin,CSCC[C@H](NC(=O)[C@H](Cc1c[nH]c2ccccc12)NC(=O)CCNC(=O)OCC(C)C)C(=O)N[C@@H](CC(=O)O)C(=O)N[C@@H](Cc1ccccc1)C(N)=O
Pentamidine,N=C(N)c1ccc(OCCCCCOc2ccc(C(=N)N)cc2)cc1
Pentazocine,CC(C)=CCN1CC[C@@]2(C)c3cc(O)ccc3C[C@@H]1[C@@H]2C
Pentobarbital,CCCC(C)C1(CC)C(=O)NC(=O)NC1=O
Pentolinium,C[N+]1(CCCCC[N+]2(C)CCCC2)CCCC1
Pentosan,O=S(=O)(O)O[C@H]1[C@H](O)CO[C@@H](O[C@@H]2CO[C@@H](O)[C@H](OS(=O)(=O)O)[C@H]2OS(=O)(=O)O)[C@@H]1OS(=O)(=O)O
Pentostatin,OC[C@H]1O[C@@H](n2cnc3c2N=CNC[C@H]3O)C[C@@H]1O
Pentoxifylline,CC(=O)CCCCn1c(=O)c2c(ncn2C)n(C)c1=O
Perflutren,FC(F)(F)C(F)(F)C(F)(F)F
Pergolide,CCCN1C[C@H](CSC)C[C@@H]2c3cccc4[nH]cc(c34)C[C@H]21
Perhexiline,C1CCC(C(CC2CCCCN2)C2CCCCC2)CC1
Perindopril,CCC[C@H](N[C@@H](C)C(=O)N1[C@H](C(=O)O)C[C@@H]2CCCC[C@@H]21)C(=O)OCC
Permethrin,CC1(C)C(C=C(Cl)Cl)C1C(=O)OCc1cccc(Oc2ccccc2)c1
Perphenazine,OCCN1CCN(CCCN2c3ccccc3Sc3ccc(Cl)cc32)CC1
Phenacemide,NC(=O)NC(=O)Cc1ccccc1
Phenazopyridine,Nc1ccc(/N=N/c2ccccc2)c(N)n1
Phendimetrazine,CC1C(c2ccccc2)OCCN1C
Phenelzine,NNCCc1ccccc1
Phenformin,N=C(N)NC(=N)NCCc1ccccc1
Phenindamine,CN1CCC2=C(C1)C(c1ccccc1)c1ccccc12
Phenindione,O=C1c2ccccc2C(=O)C1c1ccccc1
Pheniramine,CN(C)CCC(c1ccccc1)c1ccccn1
Phenmetrazine,CC1NCCOC1c1ccccc1
Phenobarbital,CCC1(c2ccccc2)C(=O)NC(=O)NC1=O
Phenol,Oc1ccccc1
Phenoxybenzamine,CC(COc1ccccc1)N(CCCl)Cc1ccccc1
Phenprocoumon,CCC(c1ccccc1)c1c(O)c2ccccc2oc1=O
Phensuximide,CN1C(=O)CC(c2ccccc2)C1=O
Phentermine,CC(C)(N)Cc1ccccc1
Phentolamine,Cc1ccc(N(CC2=NCCN2)c2cccc(O)c2)cc1
Phenylbutazone,CCCCC1C(=O)N(c2ccccc2)N(c2ccccc2)C1=O
Phenylephrine,CNC[C@H](O)c1cccc(O)c1
Phenylpropanolamine,C[C@@H](N)[C@@H](O)c1ccccc1
Phenytoin,O=C1NC(=O)C(c2ccccc2)(c2ccccc2)N1
Phosphatidylserine,CCCC(=O)O[C@H](COC(=O)CC)COP(=O)(O)OC[C@H](N)C(=O)O
Physostigmine,CNC(=O)Oc1ccc2c(c1)[C@]1(C)CCN(C)[C@@H]1N2C
Phytonadione,CC1=C(C/C=C(\C)CCC[C@H](C)CCC[C@H](C)CCCC(C)C)C(=O)c2ccccc2C1=O
Picrotoxin,CC(C)(O)[C@@H]1C2OC(=O)C1[C@]1(O)C[C@H]3O[C@]34C(=O)O[C@H]2[C@@]41C
Pilocarpine,CC[C@@H]1C(=O)OC[C@@H]1Cc1cncn1C
Pimozide,O=c1[nH]c2ccccc2n1C1CCN(CCCC(c2ccc(F)cc2)c2ccc(F)cc2)CC1
Pindolol,CC(C)NCC(O)COc1cccc2[nH]ccc12
Pioglitazone,CCc1ccc(CCOc2ccc(CC3SC(=O)NC3=O)cc2)nc1
Pipazethate,O=C(OCCOCCN1CCCCC1)N1c2ccccc2Sc2cccnc21
Piperacillin,CCN1CCN(C(=O)N[C@@H](C(=O)N[C@@H]2C(=O)N3[C@@H](C(=O)O)C(C)(C)S[C@H]23)c2ccccc2)C(=O)C1=O
Piperazine,C1CNCCN1
Pipobroman,O=C(CCBr)N1CCN(C(=O)CCBr)CC1
Pipotiazine,CN(C)S(=O)(=O)c1ccc2c(c1)N(CCCN1CCC(CCO)CC1)c1ccccc1S2
Pirbuterol,CC(C)(C)NCC(O)c1ccc(O)c(CO)n1
Pirenzepine,CN1CCN(CC(=O)N2c3ccccc3C(=O)Nc3cccnc32)CC1
Piroxicam,CN1C(C(=O)Nc2ccccn2)=C(O)c2ccccc2S1(=O)=O
Pitavastatin,O=C(O)C[C@H](O)C[C@H](O)/C=C/c1c(C2CC2)nc2ccccc2c1-c1ccc(F)cc1
Pivampicillin,CC(C)(C)C(=O)OCOC(=O)[C@@H]1N2C(=O)[C@@H](NC(=O)[C@H](N)c3ccccc3)[C@H]2SC1(C)C
Pivmecillinam,CC(C)(C)C(=O)OCOC(=O)[C@@H]1N2C(=O)[C@@H](N=CN3CCCCCC3)[C@H]2SC1(C)C
Plerixafor,c1cc(CN2CCCNCCNCCCNCC2)ccc1CN1CCCNCCNCCCNCC1
Podofilox,COc1cc([C@@H]2c3cc4c(cc3[C@H](O)[C@H]3COC(=O)[C@H]23)OCO4)cc(OC)c1OC
Polidocanol,CCCCCCCCCCCCOCCO
Polythiazide,CN1C(CSCC(F)(F)F)Nc2cc(Cl)c(S(N)(=O)=O)cc2S1(=O)=O
Pomalidomide,Nc1cccc2c1C(=O)N(C1CCC(=O)NC1=O)C2=O
Ponatinib,Cc1ccc(C(=O)Nc2ccc(CN3CCN(C)CC3)c(C(F)(F)F)c2)cc1C#Cc1cnc2cccnn12
Posaconazole,CC[C@@H]([C@H](C)O)n1ncn(-c2ccc(N3CCN(c4ccc(OCC5CO[C@@](Cn6cncn6)(c6ccc(F)cc6F)C5)cc4)CC3)cc2)c1=O
Practolol,CC(=O)Nc1ccc(OCC(O)CNC(C)C)cc1
Pralatrexate,C#CCC(Cc1cnc2nc(N)nc(N)c2n1)c1ccc(C(=O)N[C@@H](CCC(=O)O)C(=O)O)cc1
Pralidoxime,C[n+]1ccccc1/C=N/O
Pramipexole,CCCN[C@H]1CCc2nc(N)sc2C1
Pranlukast,O=C(Nc1ccc2c(=O)cc(-c3nn[nH]n3)oc2c1)c1ccc(OCCCCc2ccccc2)cc1
Prasugrel,CC(=O)Oc1cc2c(s1)CCN(C(C(=O)C1CC1)c1ccccc1F)C2
Pravastatin,CC[C@H](C)C(=O)O[C@H]1C[C@H](O)C=C2C=C[C@H](C)[C@H](CC[C@@H](O)C[C@@H](O)CC(=O)O)[C@H]21
Prazepam,O=C1CN=C(c2ccccc2)c2cc(Cl)ccc2N1CC1CC1
Praziquantel,O=C(C1CCCCC1)N1CC(=O)N2CCc3ccccc3C2C1
Prazosin,COc1cc2nc(N3CCN(C(=O)c4ccco4)CC3)nc(N)c2cc1OC
Prednicarbate,CCOC(=O)OC1(C(=O)COC(=O)CC)CCC2C3CCC4=CC(=O)C=CC4(C)C3C(O)CC21C
Prednisolone,C[C@]12C[C@H](O)[C@H]3[C@@H](CCC4=CC(=O)C=C[C@@]43C)[C@@H]1CC[C@]2(O)C(=O)CO
Prednisone,C[C@]12CC(=O)[C@H]3[C@@H](CCC4=CC(=O)C=C[C@@]43C)[C@@H]1CC[C@]2(O)C(=O)CO
Pregabalin,CC(C)C[C@H](CN)CC(=O)O
Prilocaine,CCCNC(C)C(=O)Nc1ccccc1C
Primaquine,COc1cc(NC(C)CCCN)c2ncccc2c1
Primidone,CCC1(c2ccccc2)C(=O)NCNC1=O
Probenecid,CCCN(CCC)S(=O)(=O)c1ccc(C(=O)O)cc1
Probucol,CC(C)(Sc1cc(C(C)(C)C)c(O)c(C(C)(C)C)c1)Sc1cc(C(C)(C)C)c(O)c(C(C)(C)C)c1
Procainamide,CCN(CC)CCNC(=O)c1ccc(N)cc1
Procaine,CCN(CC)CCOC(=O)c1ccc(N)cc1
Procarbazine,CNNCc1ccc(C(=O)NC(C)C)cc1
Procaterol,CC[C@H](NC(C)C)[C@H](O)c1ccc(O)c2[nH]c(=O)ccc12
Prochlorperazine,CN1CCN(CCCN2c3ccccc3Sc3ccc(Cl)cc32)CC1
Procyclidine,OC(CCN1CCCC1)(c1ccccc1)C1CCCCC1
Proflavine,Nc1ccc2cc3ccc(N)cc3nc2c1
Progabide,NC(=O)CCCN/C(=C1\C=C(F)C=CC1=O)c1ccc(Cl)cc1
Progesterone,CC(=O)[C@H]1CC[C@H]2[C@@H]3CCC4=CC(=O)CC[C@]4(C)[C@H]3CC[C@]12C
Proguanil,CC(C)/N=C(\N)N=C(N)Nc1ccc(Cl)cc1
Promazine,CN(C)CCCN1c2ccccc2Sc2ccccc21
Promethazine,CC(CN1c2ccccc2Sc2ccccc21)N(C)C
Propafenone,CCCNCC(O)COc1ccccc1C(=O)CCc1ccccc1
Propantheline,CC(C)[N+](C)(CCOC(=O)C1c2ccccc2Oc2ccccc21)C(C)C
Proparacaine,CCCOc1ccc(C(=O)OCCN(CC)CC)cc1N
Propericiazine,N#Cc1ccc2c(c1)N(CCCN1CCC(O)CC1)c1ccccc1S2
Propiomazine,CCC(=O)c1ccc2c(c1)N(CC(C)N(C)C)c1ccccc1S2
Propofol,CC(C)c1cccc(C(C)C)c1O
Propoxyphene,CCC(=O)OC(Cc1ccccc1)(c1ccccc1)[C@H](C)CN(C)C
Propranolol,CC(C)NCC(O)COc1cccc2ccccc12
Propylhexedrine,CNC(C)CC1CCCCC1
Propylthiouracil,CCCc1cc(=O)[nH]c(=S)[nH]1
Protriptyline,CNCCCC1c2ccccc2C=Cc2ccccc21
Pseudoephedrine,CN[C@@H](C)[C@@H](O)c1ccccc1
Pyrazinamide,NC(=O)c1cnccn1
Pyridostigmine,CN(C)C(=O)Oc1ccc[n+](C)c1
Pyridoxal,Cc1ncc(CO)c(C=O)c1O
Pyridoxine,Cc1ncc(CO)c(CO)c1O
Pyrimethamine,CCc1nc(N)nc(N)c1-c1ccc(Cl)cc1
Pyruvic,CC(=O)C(=O)O
Quazepam,Fc1ccccc1C1=NCC(=S)N(CC(F)(F)F)c2ccc(Cl)cc21
Quetiapine,OCCOCCN1CCN(C2=Nc3ccccc3Sc3ccccc32)CC1
Quinacrine,CCN(CC)CCCC(C)Nc1c2ccc(Cl)cc2nc2ccc(OC)cc12
Quinapril,CCOC(=O)[C@H](CCc1ccccc1)N[C@@H](C)C(=O)N1Cc2ccccc2C[C@H]1C(=O)O
Quinestrol,C#C[C@]1(O)CC[C@H]2[C@@H]3CCc4cc(OC5CCCC5)ccc4[C@H]3CC[C@@]21C
Quinethazone,CCC1NC(=O)c2cc(S(N)(=O)=O)c(Cl)cc2N1
Quinidine,C=C[C@H]1CN2CC[C@H]1C[C@@H]2[C@@H](O)c1ccnc2ccc(OC)cc12
Quinidine,C=CC1CN2CCC1CC2C(O)c1ccnc2ccc(OC)cc12
Quinine,C=C[C@H]1CN2CC[C@H]1C[C@H]2[C@H](O)c1ccnc2ccc(OC)cc12
Rabeprazole,COCCCOc1ccnc(CS(=O)c2nc3ccccc3[nH]2)c1C
Raloxifene,O=C(c1ccc(OCCN2CCCCC2)cc1)c1c(-c2ccc(O)cc2)sc2cc(O)ccc12
Raltitrexed,Cc1nc(=O)c2cc(CN(C)c3ccc(C(=O)N[C@@H](CCC(=O)O)C(=O)O)s3)ccc2[nH]1
Ramelteon,CCC(=O)NCC[C@@H]1CCc2ccc3c(c21)CCO3
Ramipril,CCOC(=O)[C@H](CCc1ccccc1)N[C@@H](C)C(=O)N1[C@H](C(=O)O)C[C@@H]2CCC[C@@H]21
Ranitidine,CN/C(=C\[N+](=O)[O-])NCCSCc1ccc(CN(C)C)o1
Ranolazine,COc1ccccc1OCC(O)CN1CCN(CC(=O)Nc2c(C)cccc2C)CC1
Rasagiline,C#CCN[C@@H]1CCc2ccccc21
Reboxetine,CCOc1ccccc1O[C@@H](c1ccccc1)[C@@H]1CNCCO1
Regadenoson,CNC(=O)c1cnn(-c2nc(N)c3ncn([C@@H]4O[C@H](CO)[C@@H](O)[C@H]4O)c3n2)c1
Regorafenib,CNC(=O)c1cc(Oc2ccc(NC(=O)Nc3ccc(Cl)c(C(F)(F)F)c3)c(F)c2)ccn1
Remifentanil,CCC(=O)N(c1ccccc1)C1(C(=O)OC)CCN(CCC(=O)OC)CC1
Remikiren,CC(C)(C)S(=O)(=O)C[C@H](Cc1ccccc1)C(=O)N[C@@H](Cc1cnc[nH]1)C(=O)N[C@H](CC1CCCCC1)[C@H](O)[C@H](O)C1CC1
Remoxipride,CCN1CCC[C@H]1CNC(=O)c1c(OC)ccc(Br)c1OC
Repaglinide,CCOc1cc(CC(=O)N[C@@H](CC(C)C)c2ccccc2N2CCCCC2)ccc1C(=O)O
Retapamulin,C=C[C@]1(C)C[C@@H](OC(=O)CSC2C[C@@H]3CC[C@H](C2)N3C)[C@]2(C)[C@H](C)CC[C@]3(CCC(=O)[C@H]32)[C@@H](C)[C@@H]1O
Ribavirin,NC(=O)c1ncn([C@@H]2O[C@H](CO)[C@@H](O)[C@H]2O)n1
Riboflavin,Cc1cc2nc3c(=O)[nH]c(=O)nc-3n(C[C@H](O)[C@H](O)[C@H](O)CO)c2cc1C
Ridogrel,O=C(O)CCCCO/N=C(/c1cccnc1)c1cccc(C(F)(F)F)c1
Rilpivirine,Cc1cc(/C=C/C#N)cc(C)c1Nc1ccnc(Nc2ccc(C#N)cc2)n1
Riluzole,Nc1nc2ccc(OC(F)(F)F)cc2s1
Rimantadine,CC(N)C12CC3CC(CC(C3)C1)C2
Rimexolone,CCC(=O)[C@@]1(C)[C@H](C)CC2C3CCC4=CC(=O)C=C[C@]4(C)C3[C@@H](O)C[C@@]21C
Rimonabant,Cc1c(C(=O)NN2CCCCC2)nn(-c2ccc(Cl)cc2Cl)c1-c1ccc(Cl)cc1
Risedronate,O=P(O)(O)C(O)(Cc1cccnc1)P(=O)(O)O
Risperidone,Cc1nc2n(c(=O)c1CCN1CCC(c3noc4cc(F)ccc34)CC1)CCCC2
Ritodrine,C[C@H](NCCc1ccc(O)cc1)[C@H](O)c1ccc(O)cc1
Ritonavir,CC(C)c1nc(CN(C)C(=O)N[C@H](C(=O)N[C@@H](Cc2ccccc2)C[C@H](O)[C@H](Cc2ccccc2)NC(=O)OCc2cncs2)C(C)C)cs1
Rivaroxaban,O=C(NC[C@H]1CN(c2ccc(N3CCOCC3=O)cc2)C(=O)O1)c1ccc(Cl)s1
Rivastigmine,CCN(C)C(=O)Oc1cccc([C@H](C)N(C)C)c1
Rizatriptan,CN(C)CCc1c[nH]c2ccc(Cn3cncn3)cc12
Roflumilast,O=C(Nc1c(Cl)cncc1Cl)c1ccc(OC(F)F)c(OCC2CC2)c1
Rolitetracycline,CN(C)[C@@H]1C(O)=C(C(=O)NCN2CCCC2)C(=O)[C@@]2(O)C(O)=C3C(=O)c4c(O)cccc4[C@@](C)(O)[C@H]3C[C@@H]12
Ropinirole,CCCN(CCC)CCc1cccc2c1CC(=O)N2
Ropivacaine,CCCN1CCCC[C@H]1C(=O)Nc1c(C)cccc1C
Rosiglitazone,CN(CCOc1ccc(CC2SC(=O)NC2=O)cc1)c1ccccn1
Rosoxacin,CCn1cc(C(=O)O)c(=O)c2ccc(-c3ccncc3)cc21
Rosuvastatin,CC(C)c1nc(N(C)S(C)(=O)=O)nc(-c2ccc(F)cc2)c1/C=C/[C@@H](O)C[C@@H](O)CC(=O)O
Rotigotine,CCCN(CCc1cccs1)C1CCc2c(O)cccc2C1
Roxatidine,CC(=O)OCC(=O)NCCCOc1cccc(CN2CCCCC2)c1
Rufinamide,NC(=O)c1cn(Cc2c(F)cccc2F)nn1
Ruxolitinib,N#CC[C@H](C1CCCC1)n1cc(-c2ncnc3[nH]ccc23)cn1
S-Adenosylmethionine,C[S+](CC[C@H](N)C(=O)O)C[C@H]1O[C@@H](n2cnc3c(N)ncnc32)[C@H](O)[C@@H]1O
Salbutamol,CC(C)(C)NCC(O)c1ccc(O)c(CO)c1
Salicyclic,O=C(O)c1ccccc1O
Salicylamide,NC(=O)c1ccccc1O
Salicylate-sodium,O=C([O-])c1ccccc1O
Salmeterol,OCc1cc(C(O)CNCCCCCCOCCCCc2ccccc2)ccc1O
Salsalate,O=C(Oc1ccccc1C(=O)O)c1ccccc1O
Saprisartan,CCc1nc(C2CC2)c(C(N)=O)n1Cc1ccc2oc(-c3ccccc3NS(=O)(=O)C(F)(F)F)c(Br)c2c1
Saquinavir,CC(C)(C)NC(=O)[C@@H]1CC2CCCCC2CN1C[C@@H](O)[C@H](Cc1ccccc1)NC(=O)[C@H](CC(N)=O)NC(=O)c1ccc2ccccc2n1
Saxagliptin,N#C[C@@H]1C[C@@H]2C[C@@H]2N1C(=O)[C@@H](N)C12CC3CC(CC(O)(C3)C1)C2
Scopolamine,CN1[C@H]2C[C@H](OC(=O)[C@H](CO)c3ccccc3)C[C@@H]1[C@H]1O[C@@H]21
Secobarbital,C=CCC1(C(C)CCC)C(=O)NC(=O)NC1=O
Selegiline,C#CCN(C)C(C)Cc1ccccc1
Selenium,S=[Se]
Sertaconazole,Clc1ccc(C(Cn2ccnc2)OCc2csc3c(Cl)cccc23)c(Cl)c1
Sertindole,O=C1NCCN1CCN1CCC(c2cn(-c3ccc(F)cc3)c3ccc(Cl)cc23)CC1
Sertraline,CN[C@H]1CC[C@@H](c2ccc(Cl)c(Cl)c2)c2ccccc21
Sevelamer,ClCC1CO1
Sevoflurane,FCOC(C(F)(F)F)C(F)(F)F
Sibutramine,CC(C)CC(N(C)C)C1(c2ccc(Cl)cc2)CCC1
Sildenafil,CCCc1nn(C)c2c(=O)nc(-c3cc(S(=O)(=O)N4CCN(C)CC4)ccc3OCC)[nH]c12
Silodosin,C[C@H](Cc1cc2c(c(C(N)=O)c1)N(CCCO)CC2)NCCOc1ccccc1OCC(F)(F)F
Silver,Nc1ccc(S(=O)(=O)[N-]c2ncccn2)cc1
Simvastatin,CCC(C)(C)C(=O)O[C@H]1C[C@@H](C)C=C2C=C[C@H](C)[C@H](CC[C@@H]3C[C@@H](O)CC(=O)O3)[C@H]21
Sitagliptin,N[C@@H](CC(=O)N1CCn2c(nnc2C(F)(F)F)C1)Cc1cc(F)c(F)cc1F
Sitaxentan,Cc1cc2c(cc1CC(=O)c1sccc1S(=O)(=O)Nc1onc(C)c1Cl)OCO2
Sodium,O=C([O-])O
Sodium,CCCCCCCCCCCCOS(=O)(=O)[O-]
Sodium,CCCCCCCCCCCCCCOS(=O)(=O)O
Solifenacin,O=C(O[C@H]1CN2CCC1CC2)N1CCc2ccccc2[C@@H]1c1ccccc1
Sorafenib,CNC(=O)c1cc(Oc2ccc(NC(=O)Nc3ccc(Cl)c(C(F)(F)F)c3)cc2)ccn1
Sotalol,CC(C)NCC(O)c1ccc(NS(C)(=O)=O)cc1
Spaglumic,CC(=O)N[C@@H](CC(=O)N[C@H](CCC(=O)O)C(=O)O)C(=O)O
Sparfloxacin,C[C@H]1CN(c2c(F)c(N)c3c(=O)c(C(=O)O)cn(C4CC4)c3c2F)C[C@@H](C)N1
Spectinomycin,CN[C@H]1[C@@H](O)[C@@H](NC)[C@H](O)[C@H]2O[C@@H]3O[C@H](C)CC(=O)[C@]3(O)O[C@H]12
Spermine,NCCCNCCCCNCCCN
Spirapril,CCOC(=O)[C@H](CCc1ccccc1)N[C@@H](C)C(=O)N1CC2(C[C@H]1C(=O)O)SCCS2
Spironolactone,CC(=O)S[C@@H]1CC2=CC(=O)CC[C@]2(C)[C@H]2CC[C@@]3(C)[C@@H](CC[C@@]34CCC(=O)O4)[C@@H]21
Stanozolol,CC12Cc3c[nH]nc3CC1CCC1C2CCC2(C)C1CCC2(C)O
Stavudine,Cc1cn([C@H]2C=C[C@@H](CO)O2)c(=O)[nH]c1=O
Stepronin,CC(SC(=O)c1cccs1)C(=O)NCC(=O)O
Streptozocin,CN(N=O)C(=O)N[C@H]1[C@@H](O)O[C@H](CO)[C@@H](O)[C@@H]1O
Succimer,O=C(O)C(S)C(S)C(=O)O
Succinic,O=C(O)CCC(=O)O
Succinylcholine,C[N+](C)(C)CCOC(=O)CCC(=O)OCC[N+](C)(C)C
Sufentanil,CCC(=O)N(c1ccccc1)C1(COC)CCN(CCc2cccs2)CC1
Sulfacetamide,CC(=O)NS(=O)(=O)c1ccc(N)cc1
Sulfacytine,CCn1ccc(NS(=O)(=O)c2ccc(N)cc2)nc1=O
Sulfadiazine,Nc1ccc(S(=O)(=O)Nc2ncccn2)cc1
Sulfadimethoxine,COc1cc(NS(=O)(=O)c2ccc(N)cc2)nc(OC)n1
Sulfadoxine,COc1ncnc(NS(=O)(=O)c2ccc(N)cc2)c1OC
Sulfamerazine,Cc1ccnc(NS(=O)(=O)c2ccc(N)cc2)n1
Sulfamethazine,Cc1cc(C)nc(NS(=O)(=O)c2ccc(N)cc2)n1
Sulfamethizole,Cc1nnc(NS(=O)(=O)c2ccc(N)cc2)s1
Sulfamethoxazole,Cc1cc(NS(=O)(=O)c2ccc(N)cc2)no1
Sulfametopyrazine,COc1nccnc1NS(=O)(=O)c1ccc(N)cc1
Sulfamoxole,Cc1nc(NS(=O)(=O)c2ccc(N)cc2)oc1C
Sulfanilamide,Nc1ccc(S(N)(=O)=O)cc1
Sulfaphenazole,Nc1ccc(S(=O)(=O)Nc2ccnn2-c2ccccc2)cc1
Sulfapyridine,Nc1ccc(S(=O)(=O)Nc2ccccn2)cc1
Sulfasalazine,O=C(O)c1cc(/N=N/c2ccc(S(=O)(=O)Nc3ccccn3)cc2)ccc1O
Sulfathiazole,Nc1ccc(S(=O)(=O)Nc2nccs2)cc1
Sulfinpyrazone,O=C1C(CCS(=O)c2ccccc2)C(=O)N(c2ccccc2)N1c1ccccc1
Sulfisoxazole,Cc1noc(NS(=O)(=O)c2ccc(N)cc2)c1C
Sulfoxone,O=S(O)CNc1ccc(S(=O)(=O)c2ccc(NCS(=O)O)cc2)cc1
Sulindac,CC1=C(CC(=O)O)c2cc(F)ccc2/C1=C\c1ccc(S(C)=O)cc1
Sulpiride,CCN1CCCC1CNC(=O)c1cc(S(N)(=O)=O)ccc1OC
Sumatriptan,CNS(=O)(=O)Cc1ccc2[nH]cc(CCN(C)C)c2c1
Sunitinib,CCN(CC)CCNC(=O)c1c(C)[nH]c(/C=C2\C(=O)Nc3ccc(F)cc32)c1C
Suprofen,CC(C(=O)O)c1ccc(C(=O)c2cccs2)cc1
Tacrine,Nc1c2c(nc3ccccc13)CCCC2
Tadalafil,CN1CC(=O)N2[C@H](Cc3c([nH]c4ccccc34)[C@H]2c2ccc3c(c2)OCO3)C1=O
Tafluprost,CC(C)OC(=O)CCC/C=C\C[C@H]1[C@@H](O)C[C@@H](O)[C@@H]1/C=C/C(F)(F)COc1ccccc1
Talbutal,C=CCC1(C(C)CC)C(=O)NC(=O)NC1=O
Tamibarotene,CC1(C)CCC(C)(C)c2cc(NC(=O)c3ccc(C(=O)O)cc3)ccc21
Tamoxifen,CC/C(=C(\c1ccccc1)c1ccc(OCCN(C)C)cc1)c1ccccc1
Tamsulosin,CCOc1ccccc1OCCN[C@H](C)Cc1ccc(OC)c(S(N)(=O)=O)c1
Tapentadol,CC[C@@H](c1cccc(O)c1)[C@@H](C)CN(C)C
Tasosartan,Cc1nc(C)c2c(n1)N(Cc1ccc(-c3ccccc3-c3nn[nH]n3)cc1)C(=O)CC2
Tauroursodeoxycholic,CC(CCC(=O)NCCS(=O)(=O)O)C1CC[C@H]2[C@@H]3[C@@H](O)C[C@@H]4C[C@H](O)CC[C@]4(C)[C@H]3CC[C@]12C
Tazarotene,CCOC(=O)c1ccc(C#Cc2ccc3c(c2)C(C)(C)CCS3)nc1
Tazobactam,C[C@]1(Cn2ccnn2)[C@H](C(=O)O)N2C(=O)C[C@H]2S1(=O)=O
Telbivudine,Cc1cn([C@@H]2C[C@@H](O)[C@H](CO)O2)c(=O)[nH]c1=O
Telmisartan,CCCc1nc2c(C)cc(-c3nc4ccccc4n3C)cc2n1Cc1ccc(-c2ccccc2C(=O)O)cc1
Temazepam,CN1C(=O)C(O)N=C(c2ccccc2)c2cc(Cl)ccc21
Temozolomide,Cn1nnc2c(C(N)=O)ncn2c1=O
Tenofovir,C[C@H](Cn1cnc2c(N)ncnc21)OCP(=O)(O)O
Tenoxicam,CN1/C(=C(\O)Nc2ccccn2)C(=O)c2sccc2S1(=O)=O
Terazosin,COc1cc2nc(N3CCN(C(=O)C4CCCO4)CC3)nc(N)c2cc1OC
Terbinafine,CN(C/C=C/C#CC(C)(C)C)Cc1cccc2ccccc12
Terbutaline,CC(C)(C)NCC(O)c1cc(O)cc(O)c1
Terconazole,CC(C)N1CCN(c2ccc(OC[C@H]3CO[C@](Cn4cncn4)(c4ccc(Cl)cc4Cl)O3)cc2)CC1
Terfenadine,CC(C)(C)c1ccc(C(O)CCCN2CCC(C(O)(c3ccccc3)c3ccccc3)CC2)cc1
Testolactone,C[C@]12CC[C@H]3[C@@H](CCC4=CC(=O)C=C[C@@]43C)[C@@H]1CCC(=O)O2
Testosterone,C[C@]12CC[C@H]3[C@@H](CCC4=CC(=O)CC[C@@]43C)[C@@H]1CC[C@@H]2O
Testosterone,CCC(=O)O[C@H]1CC[C@H]2[C@@H]3CCC4=CC(=O)CC[C@]4(C)[C@H]3CC[C@]12C
Tetrabenazine,COc1cc2c(cc1OC)C1CC(=O)C(CC(C)C)CN1CC2
Tetracycline,CN(C)[C@@H]1C(O)=C(C(N)=O)C(=O)[C@@]2(O)C(O)=C3C(=O)c4c(O)cccc4[C@@](C)(O)[C@H]3C[C@@H]12
Tetrahydrobiopterin,CC(O)C(O)C1CNc2[nH]c(N)nc(=O)c2N1
Tetrahydrofolic,Nc1nc(=O)c2c([nH]1)NCC(CNc1ccc(C(=O)N[C@@H](CCC(=O)O)C(=O)O)cc1)N2
Thalidomide,O=C1CCC(N2C(=O)c3ccccc3C2=O)C(=O)N1
Theobromine,Cn1cnc2c1c(=O)[nH]c(=O)n2C
Theophylline,Cn1c(=O)c2[nH]cnc2n(C)c1=O
Thiamine,Cc1ncc(C[n+]2csc(CCO)c2C)c(N)n1
Thiamylal,C=CCC1(C(C)CCC)C(=O)NC(=S)NC1=O
Thiethylperazine,CCSc1ccc2c(c1)N(CCCN1CCN(C)CC1)c1ccccc1S2
Thioguanine,Nc1nc(=S)c2[nH]cnc2[nH]1
Thiopental,CCCC(C)C1(CC)C(=O)NC(=S)NC1=O
Thioproperazine,CN1CCN(CCCN2c3ccccc3Sc3ccc(S(=O)(=O)N(C)C)cc32)CC1
Thioridazine,CSc1ccc2c(c1)N(CCC1CCCCN1C)c1ccccc1S2
Thiotepa,S=P(N1CC1)(N1CC1)N1CC1
Thiothixene,CN1CCN(CC/C=C2/c3ccccc3Sc3ccc(S(=O)(=O)N(C)C)cc32)CC1
Tiagabine,Cc1ccsc1C(=CCCN1CCC[C@@H](C(=O)O)C1)c1sccc1C
Tiaprofenic,CC(C(=O)O)c1ccc(C(=O)c2ccccc2)s1
Ticagrelor,CCCSc1nc(N[C@@H]2C[C@H]2c2ccc(F)c(F)c2)c2nnn([C@@H]3C[C@H](OCCO)[C@@H](O)[C@H]3O)c2n1
Ticarcillin,CC1(C)S[C@@H]2[C@H](NC(=O)[C@H](C(=O)O)c3ccsc3)C(=O)N2[C@H]1C(=O)O
Ticlopidine,Clc1ccccc1CN1CCc2sccc2C1
Tigecycline,CN(C)c1cc(NC(=O)CNC(C)(C)C)c(O)c2c1C[C@H]1C[C@H]3[C@H](N(C)C)C(O)=C(C(N)=O)C(=O)[C@@]3(O)C(O)=C1C2=O
Tiludronate,O=P(O)(O)C(Sc1ccc(Cl)cc1)P(=O)(O)O
Timolol,CC(C)(C)NCC(O)COc1nsnc1N1CCOCC1
Tinidazole,CCS(=O)(=O)CCn1c([N+](=O)[O-])cnc1C
Tioconazole,Clc1ccc(C(Cn2ccnc2)OCc2ccsc2Cl)c(Cl)c1
Tiotropium,C[N+]1(C)[C@H]2CC(OC(=O)C(O)(c3cccs3)c3cccs3)C[C@@H]1[C@@H]1O[C@@H]12
Tipranavir,CCC[C@@]1(CCc2ccccc2)CC(=O)C([C@H](CC)c2cccc(NS(=O)(=O)c3ccc(C(F)(F)F)cn3)c2)=C(O)O1
Tirofiban,CCCCS(=O)(=O)N[C@@H](Cc1ccc(OCCCCC2CCNCC2)cc1)C(=O)O
Tizanidine,Clc1ccc2nsnc2c1NC1=NCCN1
Tobramycin,NC[C@H]1O[C@H](O[C@@H]2[C@@H](N)C[C@@H](N)[C@H](O[C@H]3O[C@H](CO)[C@@H](O)[C@H](N)[C@H]3O)[C@H]2O)[C@H](N)C[C@@H]1O
Tocainide,Cc1cccc(C)c1NC(=O)C(C)N
Tofisopam,CCC1C(C)=NN=C(c2ccc(OC)c(OC)c2)c2cc(OC)c(OC)cc21
Tolazamide,Cc1ccc(S(=O)(=O)NC(=O)NN2CCCCCC2)cc1
Tolazoline,c1ccc(CC2=NCCN2)cc1
Tolbutamide,CCCCNC(=O)NS(=O)(=O)c1ccc(C)cc1
Tolcapone,Cc1ccc(C(=O)c2cc(O)c(O)c([N+](=O)[O-])c2)cc1
Tolmetin,Cc1ccc(C(=O)c2ccc(CC(=O)O)n2C)cc1
Tolnaftate,Cc1cccc(N(C)C(=S)Oc2ccc3ccccc3c2)c1
Tolterodine,Cc1ccc(O)c([C@H](CCN(C(C)C)C(C)C)c2ccccc2)c1
Tolvaptan,Cc1ccccc1C(=O)Nc1ccc(C(=O)N2CCC[C@@H](O)c3cc(Cl)ccc32)c(C)c1
Topiramate,CC1(C)O[C@@H]2CO[C@@]3(COS(N)(=O)=O)OC(C)(C)O[C@H]3[C@@H]2O1
Topotecan,CC[C@@]1(O)C(=O)OCc2c1cc1n(c2=O)Cc2cc3c(CN(C)C)c(O)ccc3nc2-1
Torasemide,Cc1cccc(Nc2ccncc2S(=O)(=O)NC(=O)NC(C)C)c1
Toremifene,CN(C)CCOc1ccc(/C(=C(/CCCl)c2ccccc2)c2ccccc2)cc1
Tramadol,COc1cccc([C@@]2(O)CCCC[C@@H]2CN(C)C)c1
Trametinib,CC(=O)Nc1cccc(-n2c(=O)n(C3CC3)c(=O)c3c(Nc4ccc(I)cc4F)n(C)c(=O)c(C)c32)c1
Trandolapril,CCOC(=O)[C@H](CCc1ccccc1)N[C@@H](C)C(=O)N1[C@H](C(=O)O)C[C@H]2CCCC[C@@H]21
Tranexamic,NC[C@H]1CC[C@H](C(=O)O)CC1
Tranylcypromine,N[C@@H]1CC1c1ccccc1
Travoprost,CC(C)OC(=O)CCC/C=C\C[C@H]1[C@@H](O)C[C@@H](O)[C@@H]1/C=C/[C@@H](O)COc1cccc(C(F)(F)F)c1
Trazodone,O=c1n(CCCN2CCN(c3cccc(Cl)c3)CC2)nc2ccccn12
Treprostinil,CCCCC[C@H](O)CC[C@@H]1[C@H]2Cc3cccc(OCC(=O)O)c3C[C@H]2C[C@H]1O
Tretinoin,CC(C=CC1=C(C)CCCC1(C)C)=CC=CC(C)=CC(=O)O
Triamcinolone,C[C@]12C[C@H](O)[C@@]3(F)[C@@H](CCC4=CC(=O)C=C[C@@]43C)[C@@H]1C[C@@H](O)[C@]2(O)C(=O)CO
Triamterene,Nc1nc(N)c2nc(-c3ccccc3)c(N)nc2n1
Triazolam,Cc1nnc2n1-c1ccc(Cl)cc1C(c1ccccc1Cl)=NC2
Trichlormethiazide,NS(=O)(=O)c1cc2c(cc1Cl)NC(C(Cl)Cl)NS2(=O)=O
Tridihexethyl,CC[N+](CC)(CC)CCC(O)(c1ccccc1)C1CCCCC1
Trifluoperazine,CN1CCN(CCCN2c3ccccc3Sc3ccc(C(F)(F)F)cc32)CC1
Triflupromazine,CN(C)CCCN1c2ccccc2Sc2ccc(C(F)(F)F)cc21
Trifluridine,O=c1[nH]c(=O)n([C@H]2C[C@H](O)[C@@H](CO)O2)cc1C(F)(F)F
Trihexyphenidyl,OC(CCN1CCCCC1)(c1ccccc1)C1CCCCC1
Trilostane,C[C@]12CC[C@H]3[C@@H](CC[C@@]45O[C@@H]4C(O)=C(C#N)C[C@]35C)[C@@H]1CC[C@@H]2O
Trimeprazine,CC(CN(C)C)CN1c2ccccc2Sc2ccccc21
Trimethadione,CN1C(=O)OC(C)(C)C1=O
Trimethaphan,O=C1N(Cc2ccccc2)C2C[S+]3CCCC3C2N1Cc1ccccc1
Trimethobenzamide,COc1cc(C(=O)NCc2ccc(OCCN(C)C)cc2)cc(OC)c1OC
Trimethoprim,COc1cc(Cc2cnc(N)nc2N)cc(OC)c1OC
Trimetrexate,COc1cc(NCc2ccc3nc(N)nc(N)c3c2C)cc(OC)c1OC
Trimipramine,CC(CN(C)C)CN1c2ccccc2CCc2ccccc21
Trioxsalen,Cc1cc2cc3c(C)cc(=O)oc3c(C)c2o1
Tripelennamine,CN(C)CCN(Cc1ccccc1)c1ccccn1
Triprolidine,Cc1ccc(/C(=C\CN2CCCC2)c2ccccn2)cc1
Trisalicylate-choline,O=C([O-])c1ccccc1O
Tropicamide,CCN(Cc1ccncc1)C(=O)C(CO)c1ccccc1
Trospium,O=C(OC1CC2CCC(C1)[N+]21CCCC1)C(O)(c1ccccc1)c1ccccc1
Trovafloxacin,NC1[C@@H]2CN(c3nc4c(cc3F)c(=O)c(C(=O)O)cn4-c3ccc(F)cc3F)C[C@H]12
Tubocurarine,COc1cc2c3cc1Oc1cc(ccc1O)C[C@@H]1c4c(cc(OC)c(O)c4Oc4ccc(cc4)C[C@@H]3N(C)CC2)CC[N+]1(C)C
Tymazoline,Cc1ccc(C(C)C)c(OCC2=NCCN2)c1
Udenafil,CCCOc1ccc(S(=O)(=O)NCCC2CCCN2C)cc1-c1nc(=O)c2c([nH]1)c(CCC)nn2C
Uracil,O=c1[nH]cc(N(CCCl)CCCl)c(=O)[nH]1
Ursodeoxycholic,C[C@H](CCC(=O)O)[C@H]1CC[C@H]2[C@@H]3[C@@H](O)C[C@@H]4C[C@H](O)CC[C@]4(C)[C@H]3CC[C@@]21C
Valaciclovir,CC(C)[C@H](N)C(=O)OCCOCn1cnc2c(=O)nc(N)[nH]c21
Valganciclovir,CC(C)[C@H](N)C(=O)OCC(CO)OCn1cnc2c(=O)nc(N)[nH]c21
Valproic,CCCC(CCC)C(=O)O
Valrubicin,CCCCC(=O)OCC(=O)[C@]1(O)Cc2c(O)c3c(c(O)c2[C@@H](OC2CC(NC(=O)C(F)(F)F)C(O)C(C)O2)C1)C(=O)c1c(OC)cccc1C3=O
Valsartan,CCCCC(=O)N(Cc1ccc(-c2ccccc2-c2nn[nH]n2)cc1)[C@H](C(=O)O)C(C)C
Vandetanib,COc1cc2c(Nc3ccc(Br)cc3F)ncnc2cc1OCC1CCN(C)CC1
Vardenafil,CCCc1nc(C)c2c(=O)nc(-c3cc(S(=O)(=O)N4CCN(CC)CC4)ccc3OCC)[nH]n12
Varenicline,c1cnc2cc3c(cc2n1)[C@H]1CNC[C@@H]3C1
Vemurafenib,CCCS(=O)(=O)Nc1ccc(F)c(C(=O)c2c[nH]c3ncc(-c4ccc(Cl)cc4)cc23)c1F
Venlafaxine,COc1ccc(C(CN(C)C)C2(O)CCCCC2)cc1
Verapamil,COc1ccc(CCN(C)CCCC(C#N)(c2ccc(OC)c(OC)c2)C(C)C)cc1OC
Vidarabine,Nc1ncnc2c1ncn2[C@@H]1O[C@H](CO)[C@@H](O)[C@@H]1O
Vigabatrin,C=CC(N)CCC(=O)O
Vilazodone,N#Cc1ccc2[nH]cc(CCCCN3CCN(c4ccc5oc(C(N)=O)cc5c4)CC3)c2c1
Vildagliptin,N#C[C@@H]1CCCN1C(=O)CNC12CC3CC(CC(O)(C3)C1)C2
Vismodegib,CS(=O)(=O)c1ccc(C(=O)Nc2ccc(Cl)c(-c3ccccn3)c2)c(Cl)c1
Vitamin,CC(C=CC1=C(C)CCCC1(C)C)=CC=CC(C)=CCO
Vitamin,O=C1O[C@H]([C@@H](O)CO)C(O)=C1O
Vitamin,Cc1c(C)c2c(c(C)c1O)CC[C@@](C)(CCC[C@H](C)CCC[C@H](C)CCCC(C)C)O2
Voglibose,OCC(CO)N[C@H]1C[C@](O)(CO)[C@@H](O)[C@H](O)[C@H]1O
Voriconazole,C[C@@H](c1ncncc1F)[C@](O)(Cn1cncn1)c1ccc(F)cc1F
Vorinostat,O=C(CCCCCCC(=O)Nc1ccccc1)NO
Warfarin,CC(=O)CC(c1ccccc1)c1c(O)c2ccccc2oc1=O
Xanthophyll,CC1=CC(O)CC(C)(C)C1/C=C/C(C)=C/C=C/C(C)=C/C=C/C=C(C)/C=C/C=C(C)/C=C/C1=C(C)CC(O)CC1(C)C
Ximelagatran,CCOC(=O)CN[C@@H](C(=O)N1CC[C@H]1C(=O)NCc1ccc(/C(N)=N/O)cc1)C1CCCCC1
Xylometazoline,Cc1cc(C(C)(C)C)cc(C)c1CC1=NCCN1
Yohimbine,COC(=O)[C@H]1[C@@H](O)CC[C@H]2CN3CCc4c([nH]c5ccccc45)[C@@H]3C[C@@H]21
Zafirlukast,COc1cc(C(=O)NS(=O)(=O)c2ccccc2C)ccc1Cc1cn(C)c2ccc(NC(=O)OC3CCCC3)cc12
Zalcitabine,Nc1ccn([C@H]2CC[C@@H](CO)O2)c(=O)n1
Zaleplon,CCN(C(C)=O)c1cccc(-c2ccnc3c(C#N)cnn23)c1
Zanamivir,CC(=O)N[C@@H]1[C@@H](N=C(N)N)C=C(C(=O)O)O[C@H]1[C@H](O)[C@H](O)CO
Zidovudine,Cc1cn([C@H]2C[C@H](N=[N+]=[N-])[C@@H](CO)O2)c(=O)[nH]c1=O
Zileuton,CC(c1cc2ccccc2s1)N(O)C(N)=O
Ziprasidone,O=C1Cc2cc(CCN3CCN(c4nsc5ccccc45)CC3)c(Cl)cc2N1
Zoledronate,O=P(O)(O)C(O)(Cn1ccnc1)P(=O)(O)O
Zolmitriptan,CN(C)CCc1c[nH]c2ccc(C[C@H]3COC(=O)N3)cc12
Zolpidem,Cc1ccc(-c2nc3ccc(C)cn3c2CC(=O)N(C)C)cc1
Zonisamide,NS(=O)(=O)Cc1noc2ccccc12
Zopiclone,CN1CCN(C(=O)OC2c3nccnc3C(=O)N2c2ccc(Cl)cn2)CC1
Zuclopenthixol,OCCN1CCN(CC/C=C2/c3ccccc3Sc3ccc(Cl)cc32)CC1
